Workbook

Sheet LEIA-ME
A1: Benchmark do Auditor BIM de Acessibilidade (NBR 9050:2020)
A3: O que é
A4: Teste de injeção controlada de erros: 30 variantes IFC geradas por script a partir do modelo-base BENCHMARK_00_3.ifc (100% conforme), cada uma com erros conhecidos e tabelados ANTES da execução (gabarito pré-registrado, commit acaa304).
A6: Ambiente das rodadas (computador do projeto, 03/10/2026)
A7: Windows · Python 3.12 · ifcopenshell 0.9.0 · LLM claude-sonnet-4-5, temperatura 0 · rodar_benchmark.py --llm anthropic
A8: v1 = primeira rodada completa (revelou o bug da altura da bacia). v2 = rodada após a correção — é a REFERÊNCIA da dissertação.
A10: Três camadas
A11: python = verificação determinística (geometria e propriedades do IFC).
A12: llm = veredito do modelo de linguagem sozinho.
A13: final = o que o relatório mostra: o Python sobrescreve o LLM nos itens que mede ('LLM traduz, Python julga'). O Python não mede o 7.7.1; ali vale o LLM.
A15: Definições (unidade = par variante × item; 30 × 12 = 360 pares)
A16: Positivo real: status esperado diferente de Conforme e de N/A.
... A40: Gerada por benchmark/montar_planilha.py a partir dos CSVs do repositório.

Sheet Resumo
A1: Benchmark do Auditor NBR 9050 — resultados (30 variantes × 12 itens = 360 pares)
A2: Todas as métricas abaixo são fórmulas sobre as abas 'Classificação v2' e 'Classificação v1'. v2 = rodada de referência (após a correção da altura da bacia).
A4: 1. Rodada v2 (referência) — métricas globais por camada
A5: Camada | B5: Critério | C5: n | D5: VP | E5: FP | F5: FN | G5: VN | H5: Acurácia | I5: Precisão | J5: Recall | K5: F1
A6: python | B6: estrito | C6: =D6+E6+F6+G6 -> 328 | D6: =COUNTIFS('Classificação v2'!$I$2:$I$361,"VP") -> 27 | E6: =COUNTIFS('Classificação v2'!$I$2:$I$361,"FP") -> 0 | F6: =COUNTIFS('Classificação v2'!$I$2:$I$361,"FN") -> 2 | G6: =COUNTIFS('Classificação v2'!$I$2:$I$361,"VN") -> 299 | H6: =IFERROR((D6+G6)/C6,"—") -> 0.99390244 | I6: =IFERROR(D6/(D6+E6),"—") -> 1 | J6: =IFERROR(D6/(D6+F6),"—") -> 0.93103448 | K6: =IFERROR(2*I6*J6/(I6+J6),"—") -> 0.96428571
A7: python | B7: amplo | C7: =D7+E7+F7+G7 -> 330 | D7: =COUNTIFS('Classificação v2'!$J$2:$J$361,"VP") -> 30 | E7: =COUNTIFS('Classificação v2'!$J$2:$J$361,"FP") -> 0 | F7: =COUNTIFS('Classificação v2'!$J$2:$J$361,"FN") -> 1 | G7: =COUNTIFS('Classificação v2'!$J$2:$J$361,"VN") -> 299 | H7: =IFERROR((D7+G7)/C7,"—") -> 0.9969697 | I7: =IFERROR(D7/(D7+E7),"—") -> 1 | J7: =IFERROR(D7/(D7+F7),"—") -> 0.96774194 | K7: =IFERROR(2*I7*J7/(I7+J7),"—") -> 0.98360656
A8: llm | B8: estrito | C8: =D8+E8+F8+G8 -> 358 | D8: =COUNTIFS('Classificação v2'!$K$2:$K$361,"VP") -> 26 | E8: =COUNTIFS('Classificação v2'!$K$2:$K$361,"FP") -> 64 | F8: =COUNTIFS('Classificação v2'!$K$2:$K$361,"FN") -> 3 | G8: =COUNTIFS('Classificação v2'!$K$2:$K$361,"VN") -> 265 | H8: =IFERROR((D8+G8)/C8,"—") -> 0.81284916 | I8: =IFERROR(D8/(D8+E8),"—") -> 0.28888889 | J8: =IFERROR(D8/(D8+F8),"—") -> 0.89655172 | K8: =IFERROR(2*I8*J8/(I8+J8),"—") -> 0.43697479
A9: llm | B9: amplo | C9: =D9+E9+F9+G9 -> 360 | D9: =COUNTIFS('Classificação v2'!$L$2:$L$361,"VP") -> 31 | E9: =COUNTIFS('Classificação v2'!$L$2:$L$361,"FP") -> 107 | F9: =COUNTIFS('Classificação v2'!$L$2:$L$361,"FN") -> 0 | G9: =COUNTIFS('Classificação v2'!$L$2:$L$361,"VN") -> 222 | H9: =IFERROR((D9+G9)/C9,"—") -> 0.70277778 | I9: =IFERROR(D9/(D9+E9),"—") -> 0.22463768 | J9: =IFERROR(D9/(D9+F9),"—") -> 1 | K9: =IFERROR(2*I9*J9/(I9+J9),"—") -> 0.36686391
A10: final | B10: estrito | C10: =D10+E10+F10+G10 -> 358 | D10: =COUNTIFS('Classificação v2'!$M$2:$M$361,"VP") -> 27 | E10: =COUNTIFS('Classificação v2'!$M$2:$M$361,"FP") -> 1 | F10: =COUNTIFS('Classificação v2'!$M$2:$M$361,"FN") -> 2 | G10: =COUNTIFS('Classificação v2'!$M$2:$M$361,"VN") -> 328 | H10: =IFERROR((D10+G10)/C10,"—") -> 0.99162011 | I10: =IFERROR(D10/(D10+E10),"—") -> 0.96428571 | J10: =IFERROR(D10/(D10+F10),"—") -> 0.93103448 | K10: =IFERROR(2*I10*J10/(I10+J10),"—") -> 0.94736842
A11: final | B11: amplo | C11: =D11+E11+F11+G11 -> 360 | D11: =COUNTIFS('Classificação v2'!$N$2:$N$361,"VP") -> 30 | E11: =COUNTIFS('Classificação v2'!$N$2:$N$361,"FP") -> 1 | F11: =COUNTIFS('Classificação v2'!$N$2:$N$361,"FN") -> 1 | G11: =COUNTIFS('Classificação v2'!$N$2:$N$361,"VN") -> 328 | H11: =IFERROR((D11+G11)/C11,"—") -> 0.99444444 | I11: =IFERROR(D11/(D11+E11),"—") -> 0.96774194 | J11: =IFERROR(D11/(D11+F11),"—") -> 0.96774194 | K11: =IFERROR(2*I11*J11/(I11+J11),"—") -> 0.96774194
A12: Python não mede o 7.7.1 (30 pares '—'); por isso n é menor nessa camada. No critério estrito, pares com esperado 'Indeterminado' ficam fora (2 pares).
A14: 2. Acurácia de status exato (acertou a categoria; gabarito com errata)
A15: Camada | B15: Pares avaliados | C15: Acertos v2 | D15: Exato v2 | E15: Acertos v1 | F15: Exato v1
A16: python | B16: =COUNT('Classificação v2'!O2:O361) -> 330 | C16: =SUM('Classificação v2'!O2:O361) -> 328 | D16: =C16/B16 -> 0.99393939 | E16: =SUM('Classificação v1'!O2:O361) -> 327 | F16: =E16/COUNT('Classificação v1'!O2:O361) -> 0.99090909
A17: llm | B17: =COUNT('Classificação v2'!P2:P361) -> 360 | C17: =SUM('Classificação v2'!P2:P361) -> 243 | D17: =C17/B17 -> 0.675 | E17: =SUM('Classificação v1'!P2:P361) -> 240 | F17: =E17/COUNT('Classificação v1'!P2:P361) -> 0.66666667
A18: final | B18: =COUNT('Classificação v2'!Q2:Q361) -> 360 | C18: =SUM('Classificação v2'!Q2:Q361) -> 357 | D18: =C18/B18 -> 0.99166667 | E18: =SUM('Classificação v1'!Q2:Q361) -> 357 | F18: =E18/COUNT('Classificação v1'!Q2:Q361) -> 0.99166667
A21: 3. Rodada v1 × v2 lado a lado (critérios estrito e amplo)
C22: v1 (antes da correção) | L22: v2 (referência)
A23: Camada | B23: Critério | C23: n | D23: VP | E23: FP | F23: FN | G23: VN | H23: Acurácia | I23: Precisão | J23: Recall | K23: F1 | L23: n | M23: VP | N23: FP | O23: FN | P23: VN | Q23: Acurácia | R23: Precisão | S23: Recall | T23: F1
A24: python | B24: estrito | C24: =D24+E24+F24+G24 -> 328 | D24: =COUNTIFS('Classificação v1'!$I$2:$I$361,"VP") -> 26 | E24: =COUNTIFS('Classificação v1'!$I$2:$I$361,"FP") -> 0 | F24: =COUNTIFS('Classificação v1'!$I$2:$I$361,"FN") -> 3 | G24: =COUNTIFS('Classificação v1'!$I$2:$I$361,"VN") -> 299 | H24: =IFERROR((D24+G24)/C24,"—") -> 0.99085366 | I24: =IFERROR(D24/(D24+E24),"—") -> 1 | J24: =IFERROR(D24/(D24+F24),"—") -> 0.89655172 | K24: =IFERROR(2*I24*J24/(I24+J24),"—") -> 0.94545455 | L24: =M24+N24+O24+P24 -> 328 | M24: =COUNTIFS('Classificação v2'!$I$2:$I$361,"VP") -> 27 | N24: =COUNTIFS('Classificação v2'!$I$2:$I$361,"FP") -> 0 | O24: =COUNTIFS('Classificação v2'!$I$2:$I$361,"FN") -> 2 | P24: =COUNTIFS('Classificação v2'!$I$2:$I$361,"VN") -> 299 | Q24: =IFERROR((M24+P24)/L24,"—") -> 0.99390244 | R24: =IFERROR(M24/(M24+N24),"—") -> 1 | S24: =IFERROR(M24/(M24+O24),"—") -> 0.93103448 | T24: =IFERROR(2*R24*S24/(R24+S24),"—") -> 0.96428571
A25: python | B25: amplo | C25: =D25+E25+F25+G25 -> 330 | D25: =COUNTIFS('Classificação v1'!$J$2:$J$361,"VP") -> 30 | E25: =COUNTIFS('Classificação v1'!$J$2:$J$361,"FP") -> 0 | F25: =COUNTIFS('Classificação v1'!$J$2:$J$361,"FN") -> 1 | G25: =COUNTIFS('Classificação v1'!$J$2:$J$361,"VN") -> 299 | H25: =IFERROR((D25+G25)/C25,"—") -> 0.9969697 | I25: =IFERROR(D25/(D25+E25),"—") -> 1 | J25: =IFERROR(D25/(D25+F25),"—") -> 0.96774194 | K25: =IFERROR(2*I25*J25/(I25+J25),"—") -> 0.98360656 | L25: =M25+N25+O25+P25 -> 330 | M25: =COUNTIFS('Classificação v2'!$J$2:$J$361,"VP") -> 30 | N25: =COUNTIFS('Classificação v2'!$J$2:$J$361,"FP") -> 0 | O25: =COUNTIFS('Classificação v2'!$J$2:$J$361,"FN") -> 1 | P25: =COUNTIFS('Classificação v2'!$J$2:$J$361,"VN") -> 299 | Q25: =IFERROR((M25+P25)/L25,"—") -> 0.9969697 | R25: =IFERROR(M25/(M25+N25),"—") -> 1 | S25: =IFERROR(M25/(M25+O25),"—") -> 0.96774194 | T25: =IFERROR(2*R25*S25/(R25+S25),"—") -> 0.98360656
A26: llm | B26: estrito | C26: =D26+E26+F26+G26 -> 358 | D26: =COUNTIFS('Classificação v1'!$K$2:$K$361,"VP") -> 26 | E26: =COUNTIFS('Classificação v1'!$K$2:$K$361,"FP") -> 64 | F26: =COUNTIFS('Classificação v1'!$K$2:$K$361,"FN") -> 3 | G26: =COUNTIFS('Classificação v1'!$K$2:$K$361,"VN") -> 265 | H26: =IFERROR((D26+G26)/C26,"—") -> 0.81284916 | I26: =IFERROR(D26/(D26+E26),"—") -> 0.28888889 | J26: =IFERROR(D26/(D26+F26),"—") -> 0.89655172 | K26: =IFERROR(2*I26*J26/(I26+J26),"—") -> 0.43697479 | L26: =M26+N26+O26+P26 -> 358 | M26: =COUNTIFS('Classificação v2'!$K$2:$K$361,"VP") -> 26 | N26: =COUNTIFS('Classificação v2'!$K$2:$K$361,"FP") -> 64 | O26: =COUNTIFS('Classificação v2'!$K$2:$K$361,"FN") -> 3 | P26: =COUNTIFS('Classificação v2'!$K$2:$K$361,"VN") -> 265 | Q26: =IFERROR((M26+P26)/L26,"—") -> 0.81284916 | R26: =IFERROR(M26/(M26+N26),"—") -> 0.28888889 | S26: =IFERROR(M26/(M26+O26),"—") -> 0.89655172 | T26: =IFERROR(2*R26*S26/(R26+S26),"—") -> 0.43697479
A27: llm | B27: amplo | C27: =D27+E27+F27+G27 -> 360 | D27: =COUNTIFS('Classificação v1'!$L$2:$L$361,"VP") -> 30 | E27: =COUNTIFS('Classificação v1'!$L$2:$L$361,"FP") -> 109 | F27: =COUNTIFS('Classificação v1'!$L$2:$L$361,"FN") -> 1 | G27: =COUNTIFS('Classificação v1'!$L$2:$L$361,"VN") -> 220 | H27: =IFERROR((D27+G27)/C27,"—") -> 0.69444444 | I27: =IFERROR(D27/(D27+E27),"—") -> 0.21582734 | J27: =IFERROR(D27/(D27+F27),"—") -> 0.96774194 | K27: =IFERROR(2*I27*J27/(I27+J27),"—") -> 0.35294118 | L27: =M27+N27+O27+P27 -> 360 | M27: =COUNTIFS('Classificação v2'!$L$2:$L$361,"VP") -> 31 | N27: =COUNTIFS('Classificação v2'!$L$2:$L$361,"FP") -> 107 | O27: =COUNTIFS('Classificação v2'!$L$2:$L$361,"FN") -> 0 | P27: =COUNTIFS('Classificação v2'!$L$2:$L$361,"VN") -> 222 | Q27: =IFERROR((M27+P27)/L27,"—") -> 0.70277778 | R27: =IFERROR(M27/(M27+N27),"—") -> 0.22463768 | S27: =IFERROR(M27/(M27+O27),"—") -> 1 | T27: =IFERROR(2*R27*S27/(R27+S27),"—") -> 0.36686391
A28: final | B28: estrito | C28: =D28+E28+F28+G28 -> 358 | D28: =COUNTIFS('Classificação v1'!$M$2:$M$361,"VP") -> 26 | E28: =COUNTIFS('Classificação v1'!$M$2:$M$361,"FP") -> 0 | F28: =COUNTIFS('Classificação v1'!$M$2:$M$361,"FN") -> 3 | G28: =COUNTIFS('Classificação v1'!$M$2:$M$361,"VN") -> 329 | H28: =IFERROR((D28+G28)/C28,"—") -> 0.99162011 | I28: =IFERROR(D28/(D28+E28),"—") -> 1 | J28: =IFERROR(D28/(D28+F28),"—") -> 0.89655172 | K28: =IFERROR(2*I28*J28/(I28+J28),"—") -> 0.94545455 | L28: =M28+N28+O28+P28 -> 358 | M28: =COUNTIFS('Classificação v2'!$M$2:$M$361,"VP") -> 27 | N28: =COUNTIFS('Classificação v2'!$M$2:$M$361,"FP") -> 1 | O28: =COUNTIFS('Classificação v2'!$M$2:$M$361,"FN") -> 2 | P28: =COUNTIFS('Classificação v2'!$M$2:$M$361,"VN") -> 328 | Q28: =IFERROR((M28+P28)/L28,"—") -> 0.99162011 | R28: =IFERROR(M28/(M28+N28),"—") -> 0.96428571 | S28: =IFERROR(M28/(M28+O28),"—") -> 0.93103448 | T28: =IFERROR(2*R28*S28/(R28+S28),"—") -> 0.94736842
A29: final | B29: amplo | C29: =D29+E29+F29+G29 -> 360 | D29: =COUNTIFS('Classificação v1'!$N$2:$N$361,"VP") -> 30 | E29: =COUNTIFS('Classificação v1'!$N$2:$N$361,"FP") -> 0 | F29: =COUNTIFS('Classificação v1'!$N$2:$N$361,"FN") -> 1 | G29: =COUNTIFS('Classificação v1'!$N$2:$N$361,"VN") -> 329 | H29: =IFERROR((D29+G29)/C29,"—") -> 0.99722222 | I29: =IFERROR(D29/(D29+E29),"—") -> 1 | J29: =IFERROR(D29/(D29+F29),"—") -> 0.96774194 | K29: =IFERROR(2*I29*J29/(I29+J29),"—") -> 0.98360656 | L29: =M29+N29+O29+P29 -> 360 | M29: =COUNTIFS('Classificação v2'!$N$2:$N$361,"VP") -> 30 | N29: =COUNTIFS('Classificação v2'!$N$2:$N$361,"FP") -> 1 | O29: =COUNTIFS('Classificação v2'!$N$2:$N$361,"FN") -> 1 | P29: =COUNTIFS('Classificação v2'!$N$2:$N$361,"VN") -> 328 | Q29: =IFERROR((M29+P29)/L29,"—") -> 0.99444444 | R29: =IFERROR(M29/(M29+N29),"—") -> 0.96774194 | S29: =IFERROR(M29/(M29+O29),"—") -> 0.96774194 | T29: =IFERROR(2*R29*S29/(R29+S29),"—") -> 0.96774194
A30: Python v1→v2: só mudou S02/7.7.2.1 (Indeterminado → Parcial), efeito da correção da altura da bacia. Diferenças na camada LLM vêm do não determinismo do modelo.
A33: 4. Análise de sensibilidade — camada final v2 sem o par W01 / 7.7.1
A34: A mutação W01 só alterou o contorno do ambiente (giro ⌀1,50 m). O LLM acusou 7.7.1 (área de transferência), que o Python não mede — o 'erro' é ambíguo: o espaço realmente ficou menor.
A35: Camada | B35: Critério | C35: n | D35: VP | E35: FP | F35: FN | G35: VN | H35: Acurácia | I35: Precisão | J35: Recall | K35: F1
A36: final sem W01/7.7.1 | B36: estrito | C36: =D36+E36+F36+G36 -> 357 | D36: =COUNTIFS('Classificação v2'!$M$2:$M$361,"VP",'Classificação v2'!$H$2:$H$361,0) -> 27 | E36: =COUNTIFS('Classificação v2'!$M$2:$M$361,"FP",'Classificação v2'!$H$2:$H$361,0) -> 0 | F36: =COUNTIFS('Classificação v2'!$M$2:$M$361,"FN",'Classificação v2'!$H$2:$H$361,0) -> 2 | G36: =COUNTIFS('Classificação v2'!$M$2:$M$361,"VN",'Classificação v2'!$H$2:$H$361,0) -> 328 | H36: =IFERROR((D36+G36)/C36,"—") -> 0.99439776 | I36: =IFERROR(D36/(D36+E36),"—") -> 1 | J36: =IFERROR(D36/(D36+F36),"—") -> 0.93103448 | K36: =IFERROR(2*I36*J36/(I36+J36),"—") -> 0.96428571
A37: final sem W01/7.7.1 | B37: amplo | C37: =D37+E37+F37+G37 -> 359 | D37: =COUNTIFS('Classificação v2'!$N$2:$N$361,"VP",'Classificação v2'!$H$2:$H$361,0) -> 30 | E37: =COUNTIFS('Classificação v2'!$N$2:$N$361,"FP",'Classificação v2'!$H$2:$H$361,0) -> 0 | F37: =COUNTIFS('Classificação v2'!$N$2:$N$361,"FN",'Classificação v2'!$H$2:$H$361,0) -> 1 | G37: =COUNTIFS('Classificação v2'!$N$2:$N$361,"VN",'Classificação v2'!$H$2:$H$361,0) -> 328 | H37: =IFERROR((D37+G37)/C37,"—") -> 0.99721448 | I37: =IFERROR(D37/(D37+E37),"—") -> 1 | J37: =IFERROR(D37/(D37+F37),"—") -> 0.96774194 | K37: =IFERROR(2*I37*J37/(I37+J37),"—") -> 0.98360656
A40: 5. O que a arquitetura híbrida ('LLM traduz, Python julga') ganha — v2, critério estrito
A41: Métrica | B41: Só LLM | C41: Final (híbrido) | D41: Diferença
A42: Precisão | B42: =I8 -> 0.28888889 | C42: =I10 -> 0.96428571 | D42: =C42-B42 -> 0.67539683
A43: Recall | B43: =J8 -> 0.89655172 | C43: =J10 -> 0.93103448 | D43: =C43-B43 -> 0.034482759
A44: F1 | B44: =K8 -> 0.43697479 | C44: =K10 -> 0.94736842 | D44: =C44-B44 -> 0.51039363
A45: Alarmes falsos (FP) | B45: =E8 -> 64 | C45: =E10 -> 1 | D45: =C45-B45 -> -63

Sheet Métricas por item
A1: Rodada v2 — métricas por item NBR (fórmulas sobre 'Classificação v2')
A3: Critério estrito
A4: Item NBR | B4: Camada | C4: n | D4: VP | E4: FP | F4: FN | G4: VN | H4: Acurácia | I4: Precisão | J4: Recall | K4: F1
A5: 4.6.6 | B5: python | C5: =D5+E5+F5+G5 -> 29 | D5: =COUNTIFS('Classificação v2'!$I$2:$I$361,"VP",'Classificação v2'!$B$2:$B$361,"4.6.6") -> 2 | E5: =COUNTIFS('Classificação v2'!$I$2:$I$361,"FP",'Classificação v2'!$B$2:$B$361,"4.6.6") -> 0 | F5: =COUNTIFS('Classificação v2'!$I$2:$I$361,"FN",'Classificação v2'!$B$2:$B$361,"4.6.6") -> 0 | G5: =COUNTIFS('Classificação v2'!$I$2:$I$361,"VN",'Classificação v2'!$B$2:$B$361,"4.6.6") -> 27 | H5: =IFERROR((D5+G5)/C5,"—") -> 1 | I5: =IFERROR(D5/(D5+E5),"—") -> 1 | J5: =IFERROR(D5/(D5+F5),"—") -> 1 | K5: =IFERROR(2*I5*J5/(I5+J5),"—") -> 1
A6: 4.6.6 | B6: llm | C6: =D6+E6+F6+G6 -> 29 | D6: =COUNTIFS('Classificação v2'!$K$2:$K$361,"VP",'Classificação v2'!$B$2:$B$361,"4.6.6") -> 0 | E6: =COUNTIFS('Classificação v2'!$K$2:$K$361,"FP",'Classificação v2'!$B$2:$B$361,"4.6.6") -> 0 | F6: =COUNTIFS('Classificação v2'!$K$2:$K$361,"FN",'Classificação v2'!$B$2:$B$361,"4.6.6") -> 2 | G6: =COUNTIFS('Classificação v2'!$K$2:$K$361,"VN",'Classificação v2'!$B$2:$B$361,"4.6.6") -> 27 | H6: =IFERROR((D6+G6)/C6,"—") -> 0.93103448 | I6: =IFERROR(D6/(D6+E6),"—") -> — | J6: =IFERROR(D6/(D6+F6),"—") -> 0 | K6: =IFERROR(2*I6*J6/(I6+J6),"—") -> —
A7: 4.6.6 | B7: final | C7: =D7+E7+F7+G7 -> 29 | D7: =COUNTIFS('Classificação v2'!$M$2:$M$361,"VP",'Classificação v2'!$B$2:$B$361,"4.6.6") -> 2 | E7: =COUNTIFS('Classificação v2'!$M$2:$M$361,"FP",'Classificação v2'!$B$2:$B$361,"4.6.6") -> 0 | F7: =COUNTIFS('Classificação v2'!$M$2:$M$361,"FN",'Classificação v2'!$B$2:$B$361,"4.6.6") -> 0 | G7: =COUNTIFS('Classificação v2'!$M$2:$M$361,"VN",'Classificação v2'!$B$2:$B$361,"4.6.6") -> 27 | H7: =IFERROR((D7+G7)/C7,"—") -> 1 | I7: =IFERROR(D7/(D7+E7),"—") -> 1 | J7: =IFERROR(D7/(D7+F7),"—") -> 1 | K7: =IFERROR(2*I7*J7/(I7+J7),"—") -> 1
A8: 5.4.3 | B8: python | C8: =D8+E8+F8+G8 -> 30 | D8: =COUNTIFS('Classificação v2'!$I$2:$I$361,"VP",'Classificação v2'!$B$2:$B$361,"5.4.3") -> 4 | E8: =COUNTIFS('Classificação v2'!$I$2:$I$361,"FP",'Classificação v2'!$B$2:$B$361,"5.4.3") -> 0 | F8: =COUNTIFS('Classificação v2'!$I$2:$I$361,"FN",'Classificação v2'!$B$2:$B$361,"5.4.3") -> 0 | G8: =COUNTIFS('Classificação v2'!$I$2:$I$361,"VN",'Classificação v2'!$B$2:$B$361,"5.4.3") -> 26 | H8: =IFERROR((D8+G8)/C8,"—") -> 1 | I8: =IFERROR(D8/(D8+E8),"—") -> 1 | J8: =IFERROR(D8/(D8+F8),"—") -> 1 | K8: =IFERROR(2*I8*J8/(I8+J8),"—") -> 1
A9: 5.4.3 | B9: llm | C9: =D9+E9+F9+G9 -> 30 | D9: =COUNTIFS('Classificação v2'!$K$2:$K$361,"VP",'Classificação v2'!$B$2:$B$361,"5.4.3") -> 4 | E9: =COUNTIFS('Classificação v2'!$K$2:$K$361,"FP",'Classificação v2'!$B$2:$B$361,"5.4.3") -> 0 | F9: =COUNTIFS('Classificação v2'!$K$2:$K$361,"FN",'Classificação v2'!$B$2:$B$361,"5.4.3") -> 0 | G9: =COUNTIFS('Classificação v2'!$K$2:$K$361,"VN",'Classificação v2'!$B$2:$B$361,"5.4.3") -> 26 | H9: =IFERROR((D9+G9)/C9,"—") -> 1 | I9: =IFERROR(D9/(D9+E9),"—") -> 1 | J9: =IFERROR(D9/(D9+F9),"—") -> 1 | K9: =IFERROR(2*I9*J9/(I9+J9),"—") -> 1
A10: 5.4.3 | B10: final | C10: =D10+E10+F10+G10 -> 30 | D10: =COUNTIFS('Classificação v2'!$M$2:$M$361,"VP",'Classificação v2'!$B$2:$B$361,"5.4.3") -> 4 | E10: =COUNTIFS('Classificação v2'!$M$2:$M$361,"FP",'Classificação v2'!$B$2:$B$361,"5.4.3") -> 0 | F10: =COUNTIFS('Classificação v2'!$M$2:$M$361,"FN",'Classificação v2'!$B$2:$B$361,"5.4.3") -> 0 | G10: =COUNTIFS('Classificação v2'!$M$2:$M$361,"VN",'Classificação v2'!$B$2:$B$361,"5.4.3") -> 26 | H10: =IFERROR((D10+G10)/C10,"—") -> 1 | I10: =IFERROR(D10/(D10+E10),"—") -> 1 | J10: =IFERROR(D10/(D10+F10),"—") -> 1 | K10: =IFERROR(2*I10*J10/(I10+J10),"—") -> 1
A11: 6.3.4 | B11: python | C11: =D11+E11+F11+G11 -> 29 | D11: =COUNTIFS('Classificação v2'!$I$2:$I$361,"VP",'Classificação v2'!$B$2:$B$361,"6.3.4") -> 2 | E11: =COUNTIFS('Classificação v2'!$I$2:$I$361,"FP",'Classificação v2'!$B$2:$B$361,"6.3.4") -> 0 | F11: =COUNTIFS('Classificação v2'!$I$2:$I$361,"FN",'Classificação v2'!$B$2:$B$361,"6.3.4") -> 0 | G11: =COUNTIFS('Classificação v2'!$I$2:$I$361,"VN",'Classificação v2'!$B$2:$B$361,"6.3.4") -> 27 | H11: =IFERROR((D11+G11)/C11,"—") -> 1 | I11: =IFERROR(D11/(D11+E11),"—") -> 1 | J11: =IFERROR(D11/(D11+F11),"—") -> 1 | K11: =IFERROR(2*I11*J11/(I11+J11),"—") -> 1
A12: 6.3.4 | B12: llm | C12: =D12+E12+F12+G12 -> 29 | D12: =COUNTIFS('Classificação v2'!$K$2:$K$361,"VP",'Classificação v2'!$B$2:$B$361,"6.3.4") -> 2 | E12: =COUNTIFS('Classificação v2'!$K$2:$K$361,"FP",'Classificação v2'!$B$2:$B$361,"6.3.4") -> 1 | F12: =COUNTIFS('Classificação v2'!$K$2:$K$361,"FN",'Classificação v2'!$B$2:$B$361,"6.3.4") -> 0 | G12: =COUNTIFS('Classificação v2'!$K$2:$K$361,"VN",'Classificação v2'!$B$2:$B$361,"6.3.4") -> 26 | H12: =IFERROR((D12+G12)/C12,"—") -> 0.96551724 | I12: =IFERROR(D12/(D12+E12),"—") -> 0.66666667 | J12: =IFERROR(D12/(D12+F12),"—") -> 1 | K12: =IFERROR(2*I12*J12/(I12+J12),"—") -> 0.8
A13: 6.3.4 | B13: final | C13: =D13+E13+F13+G13 -> 29 | D13: =COUNTIFS('Classificação v2'!$M$2:$M$361,"VP",'Classificação v2'!$B$2:$B$361,"6.3.4") -> 2 | E13: =COUNTIFS('Classificação v2'!$M$2:$M$361,"FP",'Classificação v2'!$B$2:$B$361,"6.3.4") -> 0 | F13: =COUNTIFS('Classificação v2'!$M$2:$M$361,"FN",'Classificação v2'!$B$2:$B$361,"6.3.4") -> 0 | G13: =COUNTIFS('Classificação v2'!$M$2:$M$361,"VN",'Classificação v2'!$B$2:$B$361,"6.3.4") -> 27 | H13: =IFERROR((D13+G13)/C13,"—") -> 1 | I13: =IFERROR(D13/(D13+E13),"—") -> 1 | J13: =IFERROR(D13/(D13+F13),"—") -> 1 | K13: =IFERROR(2*I13*J13/(I13+J13),"—") -> 1
A14: 6.6 | B14: python | C14: =D14+E14+F14+G14 -> 30 | D14: =COUNTIFS('Classificação v2'!$I$2:$I$361,"VP",'Classificação v2'!$B$2:$B$361,"6.6") -> 3 | E14: =COUNTIFS('Classificação v2'!$I$2:$I$361,"FP",'Classificação v2'!$B$2:$B$361,"6.6") -> 0 | F14: =COUNTIFS('Classificação v2'!$I$2:$I$361,"FN",'Classificação v2'!$B$2:$B$361,"6.6") -> 0 | G14: =COUNTIFS('Classificação v2'!$I$2:$I$361,"VN",'Classificação v2'!$B$2:$B$361,"6.6") -> 27 | H14: =IFERROR((D14+G14)/C14,"—") -> 1 | I14: =IFERROR(D14/(D14+E14),"—") -> 1 | J14: =IFERROR(D14/(D14+F14),"—") -> 1 | K14: =IFERROR(2*I14*J14/(I14+J14),"—") -> 1
A15: 6.6 | B15: llm | C15: =D15+E15+F15+G15 -> 30 | D15: =COUNTIFS('Classificação v2'!$K$2:$K$361,"VP",'Classificação v2'!$B$2:$B$361,"6.6") -> 3 | E15: =COUNTIFS('Classificação v2'!$K$2:$K$361,"FP",'Classificação v2'!$B$2:$B$361,"6.6") -> 14 | F15: =COUNTIFS('Classificação v2'!$K$2:$K$361,"FN",'Classificação v2'!$B$2:$B$361,"6.6") -> 0 | G15: =COUNTIFS('Classificação v2'!$K$2:$K$361,"VN",'Classificação v2'!$B$2:$B$361,"6.6") -> 13 | H15: =IFERROR((D15+G15)/C15,"—") -> 0.53333333 | I15: =IFERROR(D15/(D15+E15),"—") -> 0.17647059 | J15: =IFERROR(D15/(D15+F15),"—") -> 1 | K15: =IFERROR(2*I15*J15/(I15+J15),"—") -> 0.3
A16: 6.6 | B16: final | C16: =D16+E16+F16+G16 -> 30 | D16: =COUNTIFS('Classificação v2'!$M$2:$M$361,"VP",'Classificação v2'!$B$2:$B$361,"6.6") -> 3 | E16: =COUNTIFS('Classificação v2'!$M$2:$M$361,"FP",'Classificação v2'!$B$2:$B$361,"6.6") -> 0 | F16: =COUNTIFS('Classificação v2'!$M$2:$M$361,"FN",'Classificação v2'!$B$2:$B$361,"6.6") -> 0 | G16: =COUNTIFS('Classificação v2'!$M$2:$M$361,"VN",'Classificação v2'!$B$2:$B$361,"6.6") -> 27 | H16: =IFERROR((D16+G16)/C16,"—") -> 1 | I16: =IFERROR(D16/(D16+E16),"—") -> 1 | J16: =IFERROR(D16/(D16+F16),"—") -> 1 | K16: =IFERROR(2*I16*J16/(I16+J16),"—") -> 1
A17: 6.11.1 | B17: python | C17: =D17+E17+F17+G17 -> 30 | D17: =COUNTIFS('Classificação v2'!$I$2:$I$361,"VP",'Classificação v2'!$B$2:$B$361,"6.11.1") -> 1 | E17: =COUNTIFS('Classificação v2'!$I$2:$I$361,"FP",'Classificação v2'!$B$2:$B$361,"6.11.1") -> 0 | F17: =COUNTIFS('Classificação v2'!$I$2:$I$361,"FN",'Classificação v2'!$B$2:$B$361,"6.11.1") -> 0 | G17: =COUNTIFS('Classificação v2'!$I$2:$I$361,"VN",'Classificação v2'!$B$2:$B$361,"6.11.1") -> 29 | H17: =IFERROR((D17+G17)/C17,"—") -> 1 | I17: =IFERROR(D17/(D17+E17),"—") -> 1 | J17: =IFERROR(D17/(D17+F17),"—") -> 1 | K17: =IFERROR(2*I17*J17/(I17+J17),"—") -> 1
A18: 6.11.1 | B18: llm | C18: =D18+E18+F18+G18 -> 30 | D18: =COUNTIFS('Classificação v2'!$K$2:$K$361,"VP",'Classificação v2'!$B$2:$B$361,"6.11.1") -> 1 | E18: =COUNTIFS('Classificação v2'!$K$2:$K$361,"FP",'Classificação v2'!$B$2:$B$361,"6.11.1") -> 0 | F18: =COUNTIFS('Classificação v2'!$K$2:$K$361,"FN",'Classificação v2'!$B$2:$B$361,"6.11.1") -> 0 | G18: =COUNTIFS('Classificação v2'!$K$2:$K$361,"VN",'Classificação v2'!$B$2:$B$361,"6.11.1") -> 29 | H18: =IFERROR((D18+G18)/C18,"—") -> 1 | I18: =IFERROR(D18/(D18+E18),"—") -> 1 | J18: =IFERROR(D18/(D18+F18),"—") -> 1 | K18: =IFERROR(2*I18*J18/(I18+J18),"—") -> 1
A19: 6.11.1 | B19: final | C19: =D19+E19+F19+G19 -> 30 | D19: =COUNTIFS('Classificação v2'!$M$2:$M$361,"VP",'Classificação v2'!$B$2:$B$361,"6.11.1") -> 1 | E19: =COUNTIFS('Classificação v2'!$M$2:$M$361,"FP",'Classificação v2'!$B$2:$B$361,"6.11.1") -> 0 | F19: =COUNTIFS('Classificação v2'!$M$2:$M$361,"FN",'Classificação v2'!$B$2:$B$361,"6.11.1") -> 0 | G19: =COUNTIFS('Classificação v2'!$M$2:$M$361,"VN",'Classificação v2'!$B$2:$B$361,"6.11.1") -> 29 | H19: =IFERROR((D19+G19)/C19,"—") -> 1 | I19: =IFERROR(D19/(D19+E19),"—") -> 1 | J19: =IFERROR(D19/(D19+F19),"—") -> 1 | K19: =IFERROR(2*I19*J19/(I19+J19),"—") -> 1
A20: 6.11.2 | B20: python | C20: =D20+E20+F20+G20 -> 30 | D20: =COUNTIFS('Classificação v2'!$I$2:$I$361,"VP",'Classificação v2'!$B$2:$B$361,"6.11.2") -> 4 | E20: =COUNTIFS('Classificação v2'!$I$2:$I$361,"FP",'Classificação v2'!$B$2:$B$361,"6.11.2") -> 0 | F20: =COUNTIFS('Classificação v2'!$I$2:$I$361,"FN",'Classificação v2'!$B$2:$B$361,"6.11.2") -> 0 | G20: =COUNTIFS('Classificação v2'!$I$2:$I$361,"VN",'Classificação v2'!$B$2:$B$361,"6.11.2") -> 26 | H20: =IFERROR((D20+G20)/C20,"—") -> 1 | I20: =IFERROR(D20/(D20+E20),"—") -> 1 | J20: =IFERROR(D20/(D20+F20),"—") -> 1 | K20: =IFERROR(2*I20*J20/(I20+J20),"—") -> 1
A21: 6.11.2 | B21: llm | C21: =D21+E21+F21+G21 -> 30 | D21: =COUNTIFS('Classificação v2'!$K$2:$K$361,"VP",'Classificação v2'!$B$2:$B$361,"6.11.2") -> 4 | E21: =COUNTIFS('Classificação v2'!$K$2:$K$361,"FP",'Classificação v2'!$B$2:$B$361,"6.11.2") -> 0 | F21: =COUNTIFS('Classificação v2'!$K$2:$K$361,"FN",'Classificação v2'!$B$2:$B$361,"6.11.2") -> 0 | G21: =COUNTIFS('Classificação v2'!$K$2:$K$361,"VN",'Classificação v2'!$B$2:$B$361,"6.11.2") -> 26 | H21: =IFERROR((D21+G21)/C21,"—") -> 1 | I21: =IFERROR(D21/(D21+E21),"—") -> 1 | J21: =IFERROR(D21/(D21+F21),"—") -> 1 | K21: =IFERROR(2*I21*J21/(I21+J21),"—") -> 1
A22: 6.11.2 | B22: final | C22: =D22+E22+F22+G22 -> 30 | D22: =COUNTIFS('Classificação v2'!$M$2:$M$361,"VP",'Classificação v2'!$B$2:$B$361,"6.11.2") -> 4 | E22: =COUNTIFS('Classificação v2'!$M$2:$M$361,"FP",'Classificação v2'!$B$2:$B$361,"6.11.2") -> 0 | F22: =COUNTIFS('Classificação v2'!$M$2:$M$361,"FN",'Classificação v2'!$B$2:$B$361,"6.11.2") -> 0 | G22: =COUNTIFS('Classificação v2'!$M$2:$M$361,"VN",'Classificação v2'!$B$2:$B$361,"6.11.2") -> 26 | H22: =IFERROR((D22+G22)/C22,"—") -> 1 | I22: =IFERROR(D22/(D22+E22),"—") -> 1 | J22: =IFERROR(D22/(D22+F22),"—") -> 1 | K22: =IFERROR(2*I22*J22/(I22+J22),"—") -> 1
A23: 6.11.3 | B23: python | C23: =D23+E23+F23+G23 -> 30 | D23: =COUNTIFS('Classificação v2'!$I$2:$I$361,"VP",'Classificação v2'!$B$2:$B$361,"6.11.3") -> 1 | E23: =COUNTIFS('Classificação v2'!$I$2:$I$361,"FP",'Classificação v2'!$B$2:$B$361,"6.11.3") -> 0 | F23: =COUNTIFS('Classificação v2'!$I$2:$I$361,"FN",'Classificação v2'!$B$2:$B$361,"6.11.3") -> 0 | G23: =COUNTIFS('Classificação v2'!$I$2:$I$361,"VN",'Classificação v2'!$B$2:$B$361,"6.11.3") -> 29 | H23: =IFERROR((D23+G23)/C23,"—") -> 1 | I23: =IFERROR(D23/(D23+E23),"—") -> 1 | J23: =IFERROR(D23/(D23+F23),"—") -> 1 | K23: =IFERROR(2*I23*J23/(I23+J23),"—") -> 1
A24: 6.11.3 | B24: llm | C24: =D24+E24+F24+G24 -> 30 | D24: =COUNTIFS('Classificação v2'!$K$2:$K$361,"VP",'Classificação v2'!$B$2:$B$361,"6.11.3") -> 1 | E24: =COUNTIFS('Classificação v2'!$K$2:$K$361,"FP",'Classificação v2'!$B$2:$B$361,"6.11.3") -> 1 | F24: =COUNTIFS('Classificação v2'!$K$2:$K$361,"FN",'Classificação v2'!$B$2:$B$361,"6.11.3") -> 0 | G24: =COUNTIFS('Classificação v2'!$K$2:$K$361,"VN",'Classificação v2'!$B$2:$B$361,"6.11.3") -> 28 | H24: =IFERROR((D24+G24)/C24,"—") -> 0.96666667 | I24: =IFERROR(D24/(D24+E24),"—") -> 0.5 | J24: =IFERROR(D24/(D24+F24),"—") -> 1 | K24: =IFERROR(2*I24*J24/(I24+J24),"—") -> 0.66666667
A25: 6.11.3 | B25: final | C25: =D25+E25+F25+G25 -> 30 | D25: =COUNTIFS('Classificação v2'!$M$2:$M$361,"VP",'Classificação v2'!$B$2:$B$361,"6.11.3") -> 1 | E25: =COUNTIFS('Classificação v2'!$M$2:$M$361,"FP",'Classificação v2'!$B$2:$B$361,"6.11.3") -> 0 | F25: =COUNTIFS('Classificação v2'!$M$2:$M$361,"FN",'Classificação v2'!$B$2:$B$361,"6.11.3") -> 0 | G25: =COUNTIFS('Classificação v2'!$M$2:$M$361,"VN",'Classificação v2'!$B$2:$B$361,"6.11.3") -> 29 | H25: =IFERROR((D25+G25)/C25,"—") -> 1 | I25: =IFERROR(D25/(D25+E25),"—") -> 1 | J25: =IFERROR(D25/(D25+F25),"—") -> 1 | K25: =IFERROR(2*I25*J25/(I25+J25),"—") -> 1
A26: 7.5 | B26: python | C26: =D26+E26+F26+G26 -> 30 | D26: =COUNTIFS('Classificação v2'!$I$2:$I$361,"VP",'Classificação v2'!$B$2:$B$361,"7.5") -> 1 | E26: =COUNTIFS('Classificação v2'!$I$2:$I$361,"FP",'Classificação v2'!$B$2:$B$361,"7.5") -> 0 | F26: =COUNTIFS('Classificação v2'!$I$2:$I$361,"FN",'Classificação v2'!$B$2:$B$361,"7.5") -> 0 | G26: =COUNTIFS('Classificação v2'!$I$2:$I$361,"VN",'Classificação v2'!$B$2:$B$361,"7.5") -> 29 | H26: =IFERROR((D26+G26)/C26,"—") -> 1 | I26: =IFERROR(D26/(D26+E26),"—") -> 1 | J26: =IFERROR(D26/(D26+F26),"—") -> 1 | K26: =IFERROR(2*I26*J26/(I26+J26),"—") -> 1
A27: 7.5 | B27: llm | C27: =D27+E27+F27+G27 -> 30 | D27: =COUNTIFS('Classificação v2'!$K$2:$K$361,"VP",'Classificação v2'!$B$2:$B$361,"7.5") -> 1 | E27: =COUNTIFS('Classificação v2'!$K$2:$K$361,"FP",'Classificação v2'!$B$2:$B$361,"7.5") -> 0 | F27: =COUNTIFS('Classificação v2'!$K$2:$K$361,"FN",'Classificação v2'!$B$2:$B$361,"7.5") -> 0 | G27: =COUNTIFS('Classificação v2'!$K$2:$K$361,"VN",'Classificação v2'!$B$2:$B$361,"7.5") -> 29 | H27: =IFERROR((D27+G27)/C27,"—") -> 1 | I27: =IFERROR(D27/(D27+E27),"—") -> 1 | J27: =IFERROR(D27/(D27+F27),"—") -> 1 | K27: =IFERROR(2*I27*J27/(I27+J27),"—") -> 1
A28: 7.5 | B28: final | C28: =D28+E28+F28+G28 -> 30 | D28: =COUNTIFS('Classificação v2'!$M$2:$M$361,"VP",'Classificação v2'!$B$2:$B$361,"7.5") -> 1 | E28: =COUNTIFS('Classificação v2'!$M$2:$M$361,"FP",'Classificação v2'!$B$2:$B$361,"7.5") -> 0 | F28: =COUNTIFS('Classificação v2'!$M$2:$M$361,"FN",'Classificação v2'!$B$2:$B$361,"7.5") -> 0 | G28: =COUNTIFS('Classificação v2'!$M$2:$M$361,"VN",'Classificação v2'!$B$2:$B$361,"7.5") -> 29 | H28: =IFERROR((D28+G28)/C28,"—") -> 1 | I28: =IFERROR(D28/(D28+E28),"—") -> 1 | J28: =IFERROR(D28/(D28+F28),"—") -> 1 | K28: =IFERROR(2*I28*J28/(I28+J28),"—") -> 1
A29: 7.6-7.8 | B29: python | C29: =D29+E29+F29+G29 -> 30 | D29: =COUNTIFS('Classificação v2'!$I$2:$I$361,"VP",'Classificação v2'!$B$2:$B$361,"7.6-7.8") -> 7 | E29: =COUNTIFS('Classificação v2'!$I$2:$I$361,"FP",'Classificação v2'!$B$2:$B$361,"7.6-7.8") -> 0 | F29: =COUNTIFS('Classificação v2'!$I$2:$I$361,"FN",'Classificação v2'!$B$2:$B$361,"7.6-7.8") -> 1 | G29: =COUNTIFS('Classificação v2'!$I$2:$I$361,"VN",'Classificação v2'!$B$2:$B$361,"7.6-7.8") -> 22 | H29: =IFERROR((D29+G29)/C29,"—") -> 0.96666667 | I29: =IFERROR(D29/(D29+E29),"—") -> 1 | J29: =IFERROR(D29/(D29+F29),"—") -> 0.875 | K29: =IFERROR(2*I29*J29/(I29+J29),"—") -> 0.93333333
A30: 7.6-7.8 | B30: llm | C30: =D30+E30+F30+G30 -> 30 | D30: =COUNTIFS('Classificação v2'!$K$2:$K$361,"VP",'Classificação v2'!$B$2:$B$361,"7.6-7.8") -> 8 | E30: =COUNTIFS('Classificação v2'!$K$2:$K$361,"FP",'Classificação v2'!$B$2:$B$361,"7.6-7.8") -> 19 | F30: =COUNTIFS('Classificação v2'!$K$2:$K$361,"FN",'Classificação v2'!$B$2:$B$361,"7.6-7.8") -> 0 | G30: =COUNTIFS('Classificação v2'!$K$2:$K$361,"VN",'Classificação v2'!$B$2:$B$361,"7.6-7.8") -> 3 | H30: =IFERROR((D30+G30)/C30,"—") -> 0.36666667 | I30: =IFERROR(D30/(D30+E30),"—") -> 0.2962963 | J30: =IFERROR(D30/(D30+F30),"—") -> 1 | K30: =IFERROR(2*I30*J30/(I30+J30),"—") -> 0.45714286
A31: 7.6-7.8 | B31: final | C31: =D31+E31+F31+G31 -> 30 | D31: =COUNTIFS('Classificação v2'!$M$2:$M$361,"VP",'Classificação v2'!$B$2:$B$361,"7.6-7.8") -> 7 | E31: =COUNTIFS('Classificação v2'!$M$2:$M$361,"FP",'Classificação v2'!$B$2:$B$361,"7.6-7.8") -> 0 | F31: =COUNTIFS('Classificação v2'!$M$2:$M$361,"FN",'Classificação v2'!$B$2:$B$361,"7.6-7.8") -> 1 | G31: =COUNTIFS('Classificação v2'!$M$2:$M$361,"VN",'Classificação v2'!$B$2:$B$361,"7.6-7.8") -> 22 | H31: =IFERROR((D31+G31)/C31,"—") -> 0.96666667 | I31: =IFERROR(D31/(D31+E31),"—") -> 1 | J31: =IFERROR(D31/(D31+F31),"—") -> 0.875 | K31: =IFERROR(2*I31*J31/(I31+J31),"—") -> 0.93333333
A32: 7.7.1 | B32: python | C32: =D32+E32+F32+G32 -> 0 | D32: =COUNTIFS('Classificação v2'!$I$2:$I$361,"VP",'Classificação v2'!$B$2:$B$361,"7.7.1") -> 0 | E32: =COUNTIFS('Classificação v2'!$I$2:$I$361,"FP",'Classificação v2'!$B$2:$B$361,"7.7.1") -> 0 | F32: =COUNTIFS('Classificação v2'!$I$2:$I$361,"FN",'Classificação v2'!$B$2:$B$361,"7.7.1") -> 0 | G32: =COUNTIFS('Classificação v2'!$I$2:$I$361,"VN",'Classificação v2'!$B$2:$B$361,"7.7.1") -> 0 | H32: =IFERROR((D32+G32)/C32,"—") -> — | I32: =IFERROR(D32/(D32+E32),"—") -> — | J32: =IFERROR(D32/(D32+F32),"—") -> — | K32: =IFERROR(2*I32*J32/(I32+J32),"—") -> —
A33: 7.7.1 | B33: llm | C33: =D33+E33+F33+G33 -> 30 | D33: =COUNTIFS('Classificação v2'!$K$2:$K$361,"VP",'Classificação v2'!$B$2:$B$361,"7.7.1") -> 0 | E33: =COUNTIFS('Classificação v2'!$K$2:$K$361,"FP",'Classificação v2'!$B$2:$B$361,"7.7.1") -> 1 | F33: =COUNTIFS('Classificação v2'!$K$2:$K$361,"FN",'Classificação v2'!$B$2:$B$361,"7.7.1") -> 0 | G33: =COUNTIFS('Classificação v2'!$K$2:$K$361,"VN",'Classificação v2'!$B$2:$B$361,"7.7.1") -> 29 | H33: =IFERROR((D33+G33)/C33,"—") -> 0.96666667 | I33: =IFERROR(D33/(D33+E33),"—") -> 0 | J33: =IFERROR(D33/(D33+F33),"—") -> — | K33: =IFERROR(2*I33*J33/(I33+J33),"—") -> —
A34: 7.7.1 | B34: final | C34: =D34+E34+F34+G34 -> 30 | D34: =COUNTIFS('Classificação v2'!$M$2:$M$361,"VP",'Classificação v2'!$B$2:$B$361,"7.7.1") -> 0 | E34: =COUNTIFS('Classificação v2'!$M$2:$M$361,"FP",'Classificação v2'!$B$2:$B$361,"7.7.1") -> 1 | F34: =COUNTIFS('Classificação v2'!$M$2:$M$361,"FN",'Classificação v2'!$B$2:$B$361,"7.7.1") -> 0 | G34: =COUNTIFS('Classificação v2'!$M$2:$M$361,"VN",'Classificação v2'!$B$2:$B$361,"7.7.1") -> 29 | H34: =IFERROR((D34+G34)/C34,"—") -> 0.96666667 | I34: =IFERROR(D34/(D34+E34),"—") -> 0 | J34: =IFERROR(D34/(D34+F34),"—") -> — | K34: =IFERROR(2*I34*J34/(I34+J34),"—") -> —
A35: 7.7.2.1 | B35: python | C35: =D35+E35+F35+G35 -> 30 | D35: =COUNTIFS('Classificação v2'!$I$2:$I$361,"VP",'Classificação v2'!$B$2:$B$361,"7.7.2.1") -> 1 | E35: =COUNTIFS('Classificação v2'!$I$2:$I$361,"FP",'Classificação v2'!$B$2:$B$361,"7.7.2.1") -> 0 | F35: =COUNTIFS('Classificação v2'!$I$2:$I$361,"FN",'Classificação v2'!$B$2:$B$361,"7.7.2.1") -> 1 | G35: =COUNTIFS('Classificação v2'!$I$2:$I$361,"VN",'Classificação v2'!$B$2:$B$361,"7.7.2.1") -> 28 | H35: =IFERROR((D35+G35)/C35,"—") -> 0.96666667 | I35: =IFERROR(D35/(D35+E35),"—") -> 1 | J35: =IFERROR(D35/(D35+F35),"—") -> 0.5 | K35: =IFERROR(2*I35*J35/(I35+J35),"—") -> 0.66666667
A36: 7.7.2.1 | B36: llm | C36: =D36+E36+F36+G36 -> 30 | D36: =COUNTIFS('Classificação v2'!$K$2:$K$361,"VP",'Classificação v2'!$B$2:$B$361,"7.7.2.1") -> 1 | E36: =COUNTIFS('Classificação v2'!$K$2:$K$361,"FP",'Classificação v2'!$B$2:$B$361,"7.7.2.1") -> 28 | F36: =COUNTIFS('Classificação v2'!$K$2:$K$361,"FN",'Classificação v2'!$B$2:$B$361,"7.7.2.1") -> 1 | G36: =COUNTIFS('Classificação v2'!$K$2:$K$361,"VN",'Classificação v2'!$B$2:$B$361,"7.7.2.1") -> 0 | H36: =IFERROR((D36+G36)/C36,"—") -> 0.033333333 | I36: =IFERROR(D36/(D36+E36),"—") -> 0.034482759 | J36: =IFERROR(D36/(D36+F36),"—") -> 0.5 | K36: =IFERROR(2*I36*J36/(I36+J36),"—") -> 0.064516129
A37: 7.7.2.1 | B37: final | C37: =D37+E37+F37+G37 -> 30 | D37: =COUNTIFS('Classificação v2'!$M$2:$M$361,"VP",'Classificação v2'!$B$2:$B$361,"7.7.2.1") -> 1 | E37: =COUNTIFS('Classificação v2'!$M$2:$M$361,"FP",'Classificação v2'!$B$2:$B$361,"7.7.2.1") -> 0 | F37: =COUNTIFS('Classificação v2'!$M$2:$M$361,"FN",'Classificação v2'!$B$2:$B$361,"7.7.2.1") -> 1 | G37: =COUNTIFS('Classificação v2'!$M$2:$M$361,"VN",'Classificação v2'!$B$2:$B$361,"7.7.2.1") -> 28 | H37: =IFERROR((D37+G37)/C37,"—") -> 0.96666667 | I37: =IFERROR(D37/(D37+E37),"—") -> 1 | J37: =IFERROR(D37/(D37+F37),"—") -> 0.5 | K37: =IFERROR(2*I37*J37/(I37+J37),"—") -> 0.66666667
A38: 7.8 | B38: python | C38: =D38+E38+F38+G38 -> 30 | D38: =COUNTIFS('Classificação v2'!$I$2:$I$361,"VP",'Classificação v2'!$B$2:$B$361,"7.8") -> 1 | E38: =COUNTIFS('Classificação v2'!$I$2:$I$361,"FP",'Classificação v2'!$B$2:$B$361,"7.8") -> 0 | F38: =COUNTIFS('Classificação v2'!$I$2:$I$361,"FN",'Classificação v2'!$B$2:$B$361,"7.8") -> 0 | G38: =COUNTIFS('Classificação v2'!$I$2:$I$361,"VN",'Classificação v2'!$B$2:$B$361,"7.8") -> 29 | H38: =IFERROR((D38+G38)/C38,"—") -> 1 | I38: =IFERROR(D38/(D38+E38),"—") -> 1 | J38: =IFERROR(D38/(D38+F38),"—") -> 1 | K38: =IFERROR(2*I38*J38/(I38+J38),"—") -> 1
A39: 7.8 | B39: llm | C39: =D39+E39+F39+G39 -> 30 | D39: =COUNTIFS('Classificação v2'!$K$2:$K$361,"VP",'Classificação v2'!$B$2:$B$361,"7.8") -> 1 | E39: =COUNTIFS('Classificação v2'!$K$2:$K$361,"FP",'Classificação v2'!$B$2:$B$361,"7.8") -> 0 | F39: =COUNTIFS('Classificação v2'!$K$2:$K$361,"FN",'Classificação v2'!$B$2:$B$361,"7.8") -> 0 | G39: =COUNTIFS('Classificação v2'!$K$2:$K$361,"VN",'Classificação v2'!$B$2:$B$361,"7.8") -> 29 | H39: =IFERROR((D39+G39)/C39,"—") -> 1 | I39: =IFERROR(D39/(D39+E39),"—") -> 1 | J39: =IFERROR(D39/(D39+F39),"—") -> 1 | K39: =IFERROR(2*I39*J39/(I39+J39),"—") -> 1
A40: 7.8 | B40: final | C40: =D40+E40+F40+G40 -> 30 | D40: =COUNTIFS('Classificação v2'!$M$2:$M$361,"VP",'Classificação v2'!$B$2:$B$361,"7.8") -> 1 | E40: =COUNTIFS('Classificação v2'!$M$2:$M$361,"FP",'Classificação v2'!$B$2:$B$361,"7.8") -> 0 | F40: =COUNTIFS('Classificação v2'!$M$2:$M$361,"FN",'Classificação v2'!$B$2:$B$361,"7.8") -> 0 | G40: =COUNTIFS('Classificação v2'!$M$2:$M$361,"VN",'Classificação v2'!$B$2:$B$361,"7.8") -> 29 | H40: =IFERROR((D40+G40)/C40,"—") -> 1 | I40: =IFERROR(D40/(D40+E40),"—") -> 1 | J40: =IFERROR(D40/(D40+F40),"—") -> 1 | K40: =IFERROR(2*I40*J40/(I40+J40),"—") -> 1
A43: Critério amplo
A44: Item NBR | B44: Camada | C44: n | D44: VP | E44: FP | F44: FN | G44: VN | H44: Acurácia | I44: Precisão | J44: Recall | K44: F1
A45: 4.6.6 | B45: python | C45: =D45+E45+F45+G45 -> 30 | D45: =COUNTIFS('Classificação v2'!$J$2:$J$361,"VP",'Classificação v2'!$B$2:$B$361,"4.6.6") -> 3 | E45: =COUNTIFS('Classificação v2'!$J$2:$J$361,"FP",'Classificação v2'!$B$2:$B$361,"4.6.6") -> 0 | F45: =COUNTIFS('Classificação v2'!$J$2:$J$361,"FN",'Classificação v2'!$B$2:$B$361,"4.6.6") -> 0 | G45: =COUNTIFS('Classificação v2'!$J$2:$J$361,"VN",'Classificação v2'!$B$2:$B$361,"4.6.6") -> 27 | H45: =IFERROR((D45+G45)/C45,"—") -> 1 | I45: =IFERROR(D45/(D45+E45),"—") -> 1 | J45: =IFERROR(D45/(D45+F45),"—") -> 1 | K45: =IFERROR(2*I45*J45/(I45+J45),"—") -> 1
A46: 4.6.6 | B46: llm | C46: =D46+E46+F46+G46 -> 30 | D46: =COUNTIFS('Classificação v2'!$L$2:$L$361,"VP",'Classificação v2'!$B$2:$B$361,"4.6.6") -> 3 | E46: =COUNTIFS('Classificação v2'!$L$2:$L$361,"FP",'Classificação v2'!$B$2:$B$361,"4.6.6") -> 27 | F46: =COUNTIFS('Classificação v2'!$L$2:$L$361,"FN",'Classificação v2'!$B$2:$B$361,"4.6.6") -> 0 | G46: =COUNTIFS('Classificação v2'!$L$2:$L$361,"VN",'Classificação v2'!$B$2:$B$361,"4.6.6") -> 0 | H46: =IFERROR((D46+G46)/C46,"—") -> 0.1 | I46: =IFERROR(D46/(D46+E46),"—") -> 0.1 | J46: =IFERROR(D46/(D46+F46),"—") -> 1 | K46: =IFERROR(2*I46*J46/(I46+J46),"—") -> 0.18181818
A47: 4.6.6 | B47: final | C47: =D47+E47+F47+G47 -> 30 | D47: =COUNTIFS('Classificação v2'!$N$2:$N$361,"VP",'Classificação v2'!$B$2:$B$361,"4.6.6") -> 3 | E47: =COUNTIFS('Classificação v2'!$N$2:$N$361,"FP",'Classificação v2'!$B$2:$B$361,"4.6.6") -> 0 | F47: =COUNTIFS('Classificação v2'!$N$2:$N$361,"FN",'Classificação v2'!$B$2:$B$361,"4.6.6") -> 0 | G47: =COUNTIFS('Classificação v2'!$N$2:$N$361,"VN",'Classificação v2'!$B$2:$B$361,"4.6.6") -> 27 | H47: =IFERROR((D47+G47)/C47,"—") -> 1 | I47: =IFERROR(D47/(D47+E47),"—") -> 1 | J47: =IFERROR(D47/(D47+F47),"—") -> 1 | K47: =IFERROR(2*I47*J47/(I47+J47),"—") -> 1
A48: 5.4.3 | B48: python | C48: =D48+E48+F48+G48 -> 30 | D48: =COUNTIFS('Classificação v2'!$J$2:$J$361,"VP",'Classificação v2'!$B$2:$B$361,"5.4.3") -> 4 | E48: =COUNTIFS('Classificação v2'!$J$2:$J$361,"FP",'Classificação v2'!$B$2:$B$361,"5.4.3") -> 0 | F48: =COUNTIFS('Classificação v2'!$J$2:$J$361,"FN",'Classificação v2'!$B$2:$B$361,"5.4.3") -> 0 | G48: =COUNTIFS('Classificação v2'!$J$2:$J$361,"VN",'Classificação v2'!$B$2:$B$361,"5.4.3") -> 26 | H48: =IFERROR((D48+G48)/C48,"—") -> 1 | I48: =IFERROR(D48/(D48+E48),"—") -> 1 | J48: =IFERROR(D48/(D48+F48),"—") -> 1 | K48: =IFERROR(2*I48*J48/(I48+J48),"—") -> 1
A49: 5.4.3 | B49: llm | C49: =D49+E49+F49+G49 -> 30 | D49: =COUNTIFS('Classificação v2'!$L$2:$L$361,"VP",'Classificação v2'!$B$2:$B$361,"5.4.3") -> 4 | E49: =COUNTIFS('Classificação v2'!$L$2:$L$361,"FP",'Classificação v2'!$B$2:$B$361,"5.4.3") -> 0 | F49: =COUNTIFS('Classificação v2'!$L$2:$L$361,"FN",'Classificação v2'!$B$2:$B$361,"5.4.3") -> 0 | G49: =COUNTIFS('Classificação v2'!$L$2:$L$361,"VN",'Classificação v2'!$B$2:$B$361,"5.4.3") -> 26 | H49: =IFERROR((D49+G49)/C49,"—") -> 1 | I49: =IFERROR(D49/(D49+E49),"—") -> 1 | J49: =IFERROR(D49/(D49+F49),"—") -> 1 | K49: =IFERROR(2*I49*J49/(I49+J49),"—") -> 1
A50: 5.4.3 | B50: final | C50: =D50+E50+F50+G50 -> 30 | D50: =COUNTIFS('Classificação v2'!$N$2:$N$361,"VP",'Classificação v2'!$B$2:$B$361,"5.4.3") -> 4 | E50: =COUNTIFS('Classificação v2'!$N$2:$N$361,"FP",'Classificação v2'!$B$2:$B$361,"5.4.3") -> 0 | F50: =COUNTIFS('Classificação v2'!$N$2:$N$361,"FN",'Classificação v2'!$B$2:$B$361,"5.4.3") -> 0 | G50: =COUNTIFS('Classificação v2'!$N$2:$N$361,"VN",'Classificação v2'!$B$2:$B$361,"5.4.3") -> 26 | H50: =IFERROR((D50+G50)/C50,"—") -> 1 | I50: =IFERROR(D50/(D50+E50),"—") -> 1 | J50: =IFERROR(D50/(D50+F50),"—") -> 1 | K50: =IFERROR(2*I50*J50/(I50+J50),"—") -> 1
A51: 6.3.4 | B51: python | C51: =D51+E51+F51+G51 -> 30 | D51: =COUNTIFS('Classificação v2'!$J$2:$J$361,"VP",'Classificação v2'!$B$2:$B$361,"6.3.4") -> 3 | E51: =COUNTIFS('Classificação v2'!$J$2:$J$361,"FP",'Classificação v2'!$B$2:$B$361,"6.3.4") -> 0 | F51: =COUNTIFS('Classificação v2'!$J$2:$J$361,"FN",'Classificação v2'!$B$2:$B$361,"6.3.4") -> 0 | G51: =COUNTIFS('Classificação v2'!$J$2:$J$361,"VN",'Classificação v2'!$B$2:$B$361,"6.3.4") -> 27 | H51: =IFERROR((D51+G51)/C51,"—") -> 1 | I51: =IFERROR(D51/(D51+E51),"—") -> 1 | J51: =IFERROR(D51/(D51+F51),"—") -> 1 | K51: =IFERROR(2*I51*J51/(I51+J51),"—") -> 1
A52: 6.3.4 | B52: llm | C52: =D52+E52+F52+G52 -> 30 | D52: =COUNTIFS('Classificação v2'!$L$2:$L$361,"VP",'Classificação v2'!$B$2:$B$361,"6.3.4") -> 3 | E52: =COUNTIFS('Classificação v2'!$L$2:$L$361,"FP",'Classificação v2'!$B$2:$B$361,"6.3.4") -> 17 | F52: =COUNTIFS('Classificação v2'!$L$2:$L$361,"FN",'Classificação v2'!$B$2:$B$361,"6.3.4") -> 0 | G52: =COUNTIFS('Classificação v2'!$L$2:$L$361,"VN",'Classificação v2'!$B$2:$B$361,"6.3.4") -> 10 | H52: =IFERROR((D52+G52)/C52,"—") -> 0.43333333 | I52: =IFERROR(D52/(D52+E52),"—") -> 0.15 | J52: =IFERROR(D52/(D52+F52),"—") -> 1 | K52: =IFERROR(2*I52*J52/(I52+J52),"—") -> 0.26086957
A53: 6.3.4 | B53: final | C53: =D53+E53+F53+G53 -> 30 | D53: =COUNTIFS('Classificação v2'!$N$2:$N$361,"VP",'Classificação v2'!$B$2:$B$361,"6.3.4") -> 3 | E53: =COUNTIFS('Classificação v2'!$N$2:$N$361,"FP",'Classificação v2'!$B$2:$B$361,"6.3.4") -> 0 | F53: =COUNTIFS('Classificação v2'!$N$2:$N$361,"FN",'Classificação v2'!$B$2:$B$361,"6.3.4") -> 0 | G53: =COUNTIFS('Classificação v2'!$N$2:$N$361,"VN",'Classificação v2'!$B$2:$B$361,"6.3.4") -> 27 | H53: =IFERROR((D53+G53)/C53,"—") -> 1 | I53: =IFERROR(D53/(D53+E53),"—") -> 1 | J53: =IFERROR(D53/(D53+F53),"—") -> 1 | K53: =IFERROR(2*I53*J53/(I53+J53),"—") -> 1
A54: 6.6 | B54: python | C54: =D54+E54+F54+G54 -> 30 | D54: =COUNTIFS('Classificação v2'!$J$2:$J$361,"VP",'Classificação v2'!$B$2:$B$361,"6.6") -> 3 | E54: =COUNTIFS('Classificação v2'!$J$2:$J$361,"FP",'Classificação v2'!$B$2:$B$361,"6.6") -> 0 | F54: =COUNTIFS('Classificação v2'!$J$2:$J$361,"FN",'Classificação v2'!$B$2:$B$361,"6.6") -> 0 | G54: =COUNTIFS('Classificação v2'!$J$2:$J$361,"VN",'Classificação v2'!$B$2:$B$361,"6.6") -> 27 | H54: =IFERROR((D54+G54)/C54,"—") -> 1 | I54: =IFERROR(D54/(D54+E54),"—") -> 1 | J54: =IFERROR(D54/(D54+F54),"—") -> 1 | K54: =IFERROR(2*I54*J54/(I54+J54),"—") -> 1
A55: 6.6 | B55: llm | C55: =D55+E55+F55+G55 -> 30 | D55: =COUNTIFS('Classificação v2'!$L$2:$L$361,"VP",'Classificação v2'!$B$2:$B$361,"6.6") -> 3 | E55: =COUNTIFS('Classificação v2'!$L$2:$L$361,"FP",'Classificação v2'!$B$2:$B$361,"6.6") -> 14 | F55: =COUNTIFS('Classificação v2'!$L$2:$L$361,"FN",'Classificação v2'!$B$2:$B$361,"6.6") -> 0 | G55: =COUNTIFS('Classificação v2'!$L$2:$L$361,"VN",'Classificação v2'!$B$2:$B$361,"6.6") -> 13 | H55: =IFERROR((D55+G55)/C55,"—") -> 0.53333333 | I55: =IFERROR(D55/(D55+E55),"—") -> 0.17647059 | J55: =IFERROR(D55/(D55+F55),"—") -> 1 | K55: =IFERROR(2*I55*J55/(I55+J55),"—") -> 0.3
A56: 6.6 | B56: final | C56: =D56+E56+F56+G56 -> 30 | D56: =COUNTIFS('Classificação v2'!$N$2:$N$361,"VP",'Classificação v2'!$B$2:$B$361,"6.6") -> 3 | E56: =COUNTIFS('Classificação v2'!$N$2:$N$361,"FP",'Classificação v2'!$B$2:$B$361,"6.6") -> 0 | F56: =COUNTIFS('Classificação v2'!$N$2:$N$361,"FN",'Classificação v2'!$B$2:$B$361,"6.6") -> 0 | G56: =COUNTIFS('Classificação v2'!$N$2:$N$361,"VN",'Classificação v2'!$B$2:$B$361,"6.6") -> 27 | H56: =IFERROR((D56+G56)/C56,"—") -> 1 | I56: =IFERROR(D56/(D56+E56),"—") -> 1 | J56: =IFERROR(D56/(D56+F56),"—") -> 1 | K56: =IFERROR(2*I56*J56/(I56+J56),"—") -> 1
A57: 6.11.1 | B57: python | C57: =D57+E57+F57+G57 -> 30 | D57: =COUNTIFS('Classificação v2'!$J$2:$J$361,"VP",'Classificação v2'!$B$2:$B$361,"6.11.1") -> 1 | E57: =COUNTIFS('Classificação v2'!$J$2:$J$361,"FP",'Classificação v2'!$B$2:$B$361,"6.11.1") -> 0 | F57: =COUNTIFS('Classificação v2'!$J$2:$J$361,"FN",'Classificação v2'!$B$2:$B$361,"6.11.1") -> 0 | G57: =COUNTIFS('Classificação v2'!$J$2:$J$361,"VN",'Classificação v2'!$B$2:$B$361,"6.11.1") -> 29 | H57: =IFERROR((D57+G57)/C57,"—") -> 1 | I57: =IFERROR(D57/(D57+E57),"—") -> 1 | J57: =IFERROR(D57/(D57+F57),"—") -> 1 | K57: =IFERROR(2*I57*J57/(I57+J57),"—") -> 1
A58: 6.11.1 | B58: llm | C58: =D58+E58+F58+G58 -> 30 | D58: =COUNTIFS('Classificação v2'!$L$2:$L$361,"VP",'Classificação v2'!$B$2:$B$361,"6.11.1") -> 1 | E58: =COUNTIFS('Classificação v2'!$L$2:$L$361,"FP",'Classificação v2'!$B$2:$B$361,"6.11.1") -> 0 | F58: =COUNTIFS('Classificação v2'!$L$2:$L$361,"FN",'Classificação v2'!$B$2:$B$361,"6.11.1") -> 0 | G58: =COUNTIFS('Classificação v2'!$L$2:$L$361,"VN",'Classificação v2'!$B$2:$B$361,"6.11.1") -> 29 | H58: =IFERROR((D58+G58)/C58,"—") -> 1 | I58: =IFERROR(D58/(D58+E58),"—") -> 1 | J58: =IFERROR(D58/(D58+F58),"—") -> 1 | K58: =IFERROR(2*I58*J58/(I58+J58),"—") -> 1
A59: 6.11.1 | B59: final | C59: =D59+E59+F59+G59 -> 30 | D59: =COUNTIFS('Classificação v2'!$N$2:$N$361,"VP",'Classificação v2'!$B$2:$B$361,"6.11.1") -> 1 | E59: =COUNTIFS('Classificação v2'!$N$2:$N$361,"FP",'Classificação v2'!$B$2:$B$361,"6.11.1") -> 0 | F59: =COUNTIFS('Classificação v2'!$N$2:$N$361,"FN",'Classificação v2'!$B$2:$B$361,"6.11.1") -> 0 | G59: =COUNTIFS('Classificação v2'!$N$2:$N$361,"VN",'Classificação v2'!$B$2:$B$361,"6.11.1") -> 29 | H59: =IFERROR((D59+G59)/C59,"—") -> 1 | I59: =IFERROR(D59/(D59+E59),"—") -> 1 | J59: =IFERROR(D59/(D59+F59),"—") -> 1 | K59: =IFERROR(2*I59*J59/(I59+J59),"—") -> 1
A60: 6.11.2 | B60: python | C60: =D60+E60+F60+G60 -> 30 | D60: =COUNTIFS('Classificação v2'!$J$2:$J$361,"VP",'Classificação v2'!$B$2:$B$361,"6.11.2") -> 4 | E60: =COUNTIFS('Classificação v2'!$J$2:$J$361,"FP",'Classificação v2'!$B$2:$B$361,"6.11.2") -> 0 | F60: =COUNTIFS('Classificação v2'!$J$2:$J$361,"FN",'Classificação v2'!$B$2:$B$361,"6.11.2") -> 0 | G60: =COUNTIFS('Classificação v2'!$J$2:$J$361,"VN",'Classificação v2'!$B$2:$B$361,"6.11.2") -> 26 | H60: =IFERROR((D60+G60)/C60,"—") -> 1 | I60: =IFERROR(D60/(D60+E60),"—") -> 1 | J60: =IFERROR(D60/(D60+F60),"—") -> 1 | K60: =IFERROR(2*I60*J60/(I60+J60),"—") -> 1
A61: 6.11.2 | B61: llm | C61: =D61+E61+F61+G61 -> 30 | D61: =COUNTIFS('Classificação v2'!$L$2:$L$361,"VP",'Classificação v2'!$B$2:$B$361,"6.11.2") -> 4 | E61: =COUNTIFS('Classificação v2'!$L$2:$L$361,"FP",'Classificação v2'!$B$2:$B$361,"6.11.2") -> 0 | F61: =COUNTIFS('Classificação v2'!$L$2:$L$361,"FN",'Classificação v2'!$B$2:$B$361,"6.11.2") -> 0 | G61: =COUNTIFS('Classificação v2'!$L$2:$L$361,"VN",'Classificação v2'!$B$2:$B$361,"6.11.2") -> 26 | H61: =IFERROR((D61+G61)/C61,"—") -> 1 | I61: =IFERROR(D61/(D61+E61),"—") -> 1 | J61: =IFERROR(D61/(D61+F61),"—") -> 1 | K61: =IFERROR(2*I61*J61/(I61+J61),"—") -> 1
A62: 6.11.2 | B62: final | C62: =D62+E62+F62+G62 -> 30 | D62: =COUNTIFS('Classificação v2'!$N$2:$N$361,"VP",'Classificação v2'!$B$2:$B$361,"6.11.2") -> 4 | E62: =COUNTIFS('Classificação v2'!$N$2:$N$361,"FP",'Classificação v2'!$B$2:$B$361,"6.11.2") -> 0 | F62: =COUNTIFS('Classificação v2'!$N$2:$N$361,"FN",'Classificação v2'!$B$2:$B$361,"6.11.2") -> 0 | G62: =COUNTIFS('Classificação v2'!$N$2:$N$361,"VN",'Classificação v2'!$B$2:$B$361,"6.11.2") -> 26 | H62: =IFERROR((D62+G62)/C62,"—") -> 1 | I62: =IFERROR(D62/(D62+E62),"—") -> 1 | J62: =IFERROR(D62/(D62+F62),"—") -> 1 | K62: =IFERROR(2*I62*J62/(I62+J62),"—") -> 1
A63: 6.11.3 | B63: python | C63: =D63+E63+F63+G63 -> 30 | D63: =COUNTIFS('Classificação v2'!$J$2:$J$361,"VP",'Classificação v2'!$B$2:$B$361,"6.11.3") -> 1 | E63: =COUNTIFS('Classificação v2'!$J$2:$J$361,"FP",'Classificação v2'!$B$2:$B$361,"6.11.3") -> 0 | F63: =COUNTIFS('Classificação v2'!$J$2:$J$361,"FN",'Classificação v2'!$B$2:$B$361,"6.11.3") -> 0 | G63: =COUNTIFS('Classificação v2'!$J$2:$J$361,"VN",'Classificação v2'!$B$2:$B$361,"6.11.3") -> 29 | H63: =IFERROR((D63+G63)/C63,"—") -> 1 | I63: =IFERROR(D63/(D63+E63),"—") -> 1 | J63: =IFERROR(D63/(D63+F63),"—") -> 1 | K63: =IFERROR(2*I63*J63/(I63+J63),"—") -> 1
A64: 6.11.3 | B64: llm | C64: =D64+E64+F64+G64 -> 30 | D64: =COUNTIFS('Classificação v2'!$L$2:$L$361,"VP",'Classificação v2'!$B$2:$B$361,"6.11.3") -> 1 | E64: =COUNTIFS('Classificação v2'!$L$2:$L$361,"FP",'Classificação v2'!$B$2:$B$361,"6.11.3") -> 1 | F64: =COUNTIFS('Classificação v2'!$L$2:$L$361,"FN",'Classificação v2'!$B$2:$B$361,"6.11.3") -> 0 | G64: =COUNTIFS('Classificação v2'!$L$2:$L$361,"VN",'Classificação v2'!$B$2:$B$361,"6.11.3") -> 28 | H64: =IFERROR((D64+G64)/C64,"—") -> 0.96666667 | I64: =IFERROR(D64/(D64+E64),"—") -> 0.5 | J64: =IFERROR(D64/(D64+F64),"—") -> 1 | K64: =IFERROR(2*I64*J64/(I64+J64),"—") -> 0.66666667
A65: 6.11.3 | B65: final | C65: =D65+E65+F65+G65 -> 30 | D65: =COUNTIFS('Classificação v2'!$N$2:$N$361,"VP",'Classificação v2'!$B$2:$B$361,"6.11.3") -> 1 | E65: =COUNTIFS('Classificação v2'!$N$2:$N$361,"FP",'Classificação v2'!$B$2:$B$361,"6.11.3") -> 0 | F65: =COUNTIFS('Classificação v2'!$N$2:$N$361,"FN",'Classificação v2'!$B$2:$B$361,"6.11.3") -> 0 | G65: =COUNTIFS('Classificação v2'!$N$2:$N$361,"VN",'Classificação v2'!$B$2:$B$361,"6.11.3") -> 29 | H65: =IFERROR((D65+G65)/C65,"—") -> 1 | I65: =IFERROR(D65/(D65+E65),"—") -> 1 | J65: =IFERROR(D65/(D65+F65),"—") -> 1 | K65: =IFERROR(2*I65*J65/(I65+J65),"—") -> 1
A66: 7.5 | B66: python | C66: =D66+E66+F66+G66 -> 30 | D66: =COUNTIFS('Classificação v2'!$J$2:$J$361,"VP",'Classificação v2'!$B$2:$B$361,"7.5") -> 1 | E66: =COUNTIFS('Classificação v2'!$J$2:$J$361,"FP",'Classificação v2'!$B$2:$B$361,"7.5") -> 0 | F66: =COUNTIFS('Classificação v2'!$J$2:$J$361,"FN",'Classificação v2'!$B$2:$B$361,"7.5") -> 0 | G66: =COUNTIFS('Classificação v2'!$J$2:$J$361,"VN",'Classificação v2'!$B$2:$B$361,"7.5") -> 29 | H66: =IFERROR((D66+G66)/C66,"—") -> 1 | I66: =IFERROR(D66/(D66+E66),"—") -> 1 | J66: =IFERROR(D66/(D66+F66),"—") -> 1 | K66: =IFERROR(2*I66*J66/(I66+J66),"—") -> 1
A67: 7.5 | B67: llm | C67: =D67+E67+F67+G67 -> 30 | D67: =COUNTIFS('Classificação v2'!$L$2:$L$361,"VP",'Classificação v2'!$B$2:$B$361,"7.5") -> 1 | E67: =COUNTIFS('Classificação v2'!$L$2:$L$361,"FP",'Classificação v2'!$B$2:$B$361,"7.5") -> 0 | F67: =COUNTIFS('Classificação v2'!$L$2:$L$361,"FN",'Classificação v2'!$B$2:$B$361,"7.5") -> 0 | G67: =COUNTIFS('Classificação v2'!$L$2:$L$361,"VN",'Classificação v2'!$B$2:$B$361,"7.5") -> 29 | H67: =IFERROR((D67+G67)/C67,"—") -> 1 | I67: =IFERROR(D67/(D67+E67),"—") -> 1 | J67: =IFERROR(D67/(D67+F67),"—") -> 1 | K67: =IFERROR(2*I67*J67/(I67+J67),"—") -> 1
A68: 7.5 | B68: final | C68: =D68+E68+F68+G68 -> 30 | D68: =COUNTIFS('Classificação v2'!$N$2:$N$361,"VP",'Classificação v2'!$B$2:$B$361,"7.5") -> 1 | E68: =COUNTIFS('Classificação v2'!$N$2:$N$361,"FP",'Classificação v2'!$B$2:$B$361,"7.5") -> 0 | F68: =COUNTIFS('Classificação v2'!$N$2:$N$361,"FN",'Classificação v2'!$B$2:$B$361,"7.5") -> 0 | G68: =COUNTIFS('Classificação v2'!$N$2:$N$361,"VN",'Classificação v2'!$B$2:$B$361,"7.5") -> 29 | H68: =IFERROR((D68+G68)/C68,"—") -> 1 | I68: =IFERROR(D68/(D68+E68),"—") -> 1 | J68: =IFERROR(D68/(D68+F68),"—") -> 1 | K68: =IFERROR(2*I68*J68/(I68+J68),"—") -> 1
A69: 7.6-7.8 | B69: python | C69: =D69+E69+F69+G69 -> 30 | D69: =COUNTIFS('Classificação v2'!$J$2:$J$361,"VP",'Classificação v2'!$B$2:$B$361,"7.6-7.8") -> 7 | E69: =COUNTIFS('Classificação v2'!$J$2:$J$361,"FP",'Classificação v2'!$B$2:$B$361,"7.6-7.8") -> 0 | F69: =COUNTIFS('Classificação v2'!$J$2:$J$361,"FN",'Classificação v2'!$B$2:$B$361,"7.6-7.8") -> 1 | G69: =COUNTIFS('Classificação v2'!$J$2:$J$361,"VN",'Classificação v2'!$B$2:$B$361,"7.6-7.8") -> 22 | H69: =IFERROR((D69+G69)/C69,"—") -> 0.96666667 | I69: =IFERROR(D69/(D69+E69),"—") -> 1 | J69: =IFERROR(D69/(D69+F69),"—") -> 0.875 | K69: =IFERROR(2*I69*J69/(I69+J69),"—") -> 0.93333333
A70: 7.6-7.8 | B70: llm | C70: =D70+E70+F70+G70 -> 30 | D70: =COUNTIFS('Classificação v2'!$L$2:$L$361,"VP",'Classificação v2'!$B$2:$B$361,"7.6-7.8") -> 8 | E70: =COUNTIFS('Classificação v2'!$L$2:$L$361,"FP",'Classificação v2'!$B$2:$B$361,"7.6-7.8") -> 19 | F70: =COUNTIFS('Classificação v2'!$L$2:$L$361,"FN",'Classificação v2'!$B$2:$B$361,"7.6-7.8") -> 0 | G70: =COUNTIFS('Classificação v2'!$L$2:$L$361,"VN",'Classificação v2'!$B$2:$B$361,"7.6-7.8") -> 3 | H70: =IFERROR((D70+G70)/C70,"—") -> 0.36666667 | I70: =IFERROR(D70/(D70+E70),"—") -> 0.2962963 | J70: =IFERROR(D70/(D70+F70),"—") -> 1 | K70: =IFERROR(2*I70*J70/(I70+J70),"—") -> 0.45714286
A71: 7.6-7.8 | B71: final | C71: =D71+E71+F71+G71 -> 30 | D71: =COUNTIFS('Classificação v2'!$N$2:$N$361,"VP",'Classificação v2'!$B$2:$B$361,"7.6-7.8") -> 7 | E71: =COUNTIFS('Classificação v2'!$N$2:$N$361,"FP",'Classificação v2'!$B$2:$B$361,"7.6-7.8") -> 0 | F71: =COUNTIFS('Classificação v2'!$N$2:$N$361,"FN",'Classificação v2'!$B$2:$B$361,"7.6-7.8") -> 1 | G71: =COUNTIFS('Classificação v2'!$N$2:$N$361,"VN",'Classificação v2'!$B$2:$B$361,"7.6-7.8") -> 22 | H71: =IFERROR((D71+G71)/C71,"—") -> 0.96666667 | I71: =IFERROR(D71/(D71+E71),"—") -> 1 | J71: =IFERROR(D71/(D71+F71),"—") -> 0.875 | K71: =IFERROR(2*I71*J71/(I71+J71),"—") -> 0.93333333
A72: 7.7.1 | B72: python | C72: =D72+E72+F72+G72 -> 0 | D72: =COUNTIFS('Classificação v2'!$J$2:$J$361,"VP",'Classificação v2'!$B$2:$B$361,"7.7.1") -> 0 | E72: =COUNTIFS('Classificação v2'!$J$2:$J$361,"FP",'Classificação v2'!$B$2:$B$361,"7.7.1") -> 0 | F72: =COUNTIFS('Classificação v2'!$J$2:$J$361,"FN",'Classificação v2'!$B$2:$B$361,"7.7.1") -> 0 | G72: =COUNTIFS('Classificação v2'!$J$2:$J$361,"VN",'Classificação v2'!$B$2:$B$361,"7.7.1") -> 0 | H72: =IFERROR((D72+G72)/C72,"—") -> — | I72: =IFERROR(D72/(D72+E72),"—") -> — | J72: =IFERROR(D72/(D72+F72),"—") -> — | K72: =IFERROR(2*I72*J72/(I72+J72),"—") -> —
A73: 7.7.1 | B73: llm | C73: =D73+E73+F73+G73 -> 30 | D73: =COUNTIFS('Classificação v2'!$L$2:$L$361,"VP",'Classificação v2'!$B$2:$B$361,"7.7.1") -> 0 | E73: =COUNTIFS('Classificação v2'!$L$2:$L$361,"FP",'Classificação v2'!$B$2:$B$361,"7.7.1") -> 1 | F73: =COUNTIFS('Classificação v2'!$L$2:$L$361,"FN",'Classificação v2'!$B$2:$B$361,"7.7.1") -> 0 | G73: =COUNTIFS('Classificação v2'!$L$2:$L$361,"VN",'Classificação v2'!$B$2:$B$361,"7.7.1") -> 29 | H73: =IFERROR((D73+G73)/C73,"—") -> 0.96666667 | I73: =IFERROR(D73/(D73+E73),"—") -> 0 | J73: =IFERROR(D73/(D73+F73),"—") -> — | K73: =IFERROR(2*I73*J73/(I73+J73),"—") -> —
A74: 7.7.1 | B74: final | C74: =D74+E74+F74+G74 -> 30 | D74: =COUNTIFS('Classificação v2'!$N$2:$N$361,"VP",'Classificação v2'!$B$2:$B$361,"7.7.1") -> 0 | E74: =COUNTIFS('Classificação v2'!$N$2:$N$361,"FP",'Classificação v2'!$B$2:$B$361,"7.7.1") -> 1 | F74: =COUNTIFS('Classificação v2'!$N$2:$N$361,"FN",'Classificação v2'!$B$2:$B$361,"7.7.1") -> 0 | G74: =COUNTIFS('Classificação v2'!$N$2:$N$361,"VN",'Classificação v2'!$B$2:$B$361,"7.7.1") -> 29 | H74: =IFERROR((D74+G74)/C74,"—") -> 0.96666667 | I74: =IFERROR(D74/(D74+E74),"—") -> 0 | J74: =IFERROR(D74/(D74+F74),"—") -> — | K74: =IFERROR(2*I74*J74/(I74+J74),"—") -> —
A75: 7.7.2.1 | B75: python | C75: =D75+E75+F75+G75 -> 30 | D75: =COUNTIFS('Classificação v2'!$J$2:$J$361,"VP",'Classificação v2'!$B$2:$B$361,"7.7.2.1") -> 2 | E75: =COUNTIFS('Classificação v2'!$J$2:$J$361,"FP",'Classificação v2'!$B$2:$B$361,"7.7.2.1") -> 0 | F75: =COUNTIFS('Classificação v2'!$J$2:$J$361,"FN",'Classificação v2'!$B$2:$B$361,"7.7.2.1") -> 0 | G75: =COUNTIFS('Classificação v2'!$J$2:$J$361,"VN",'Classificação v2'!$B$2:$B$361,"7.7.2.1") -> 28 | H75: =IFERROR((D75+G75)/C75,"—") -> 1 | I75: =IFERROR(D75/(D75+E75),"—") -> 1 | J75: =IFERROR(D75/(D75+F75),"—") -> 1 | K75: =IFERROR(2*I75*J75/(I75+J75),"—") -> 1
A76: 7.7.2.1 | B76: llm | C76: =D76+E76+F76+G76 -> 30 | D76: =COUNTIFS('Classificação v2'!$L$2:$L$361,"VP",'Classificação v2'!$B$2:$B$361,"7.7.2.1") -> 2 | E76: =COUNTIFS('Classificação v2'!$L$2:$L$361,"FP",'Classificação v2'!$B$2:$B$361,"7.7.2.1") -> 28 | F76: =COUNTIFS('Classificação v2'!$L$2:$L$361,"FN",'Classificação v2'!$B$2:$B$361,"7.7.2.1") -> 0 | G76: =COUNTIFS('Classificação v2'!$L$2:$L$361,"VN",'Classificação v2'!$B$2:$B$361,"7.7.2.1") -> 0 | H76: =IFERROR((D76+G76)/C76,"—") -> 0.066666667 | I76: =IFERROR(D76/(D76+E76),"—") -> 0.066666667 | J76: =IFERROR(D76/(D76+F76),"—") -> 1 | K76: =IFERROR(2*I76*J76/(I76+J76),"—") -> 0.125
A77: 7.7.2.1 | B77: final | C77: =D77+E77+F77+G77 -> 30 | D77: =COUNTIFS('Classificação v2'!$N$2:$N$361,"VP",'Classificação v2'!$B$2:$B$361,"7.7.2.1") -> 2 | E77: =COUNTIFS('Classificação v2'!$N$2:$N$361,"FP",'Classificação v2'!$B$2:$B$361,"7.7.2.1") -> 0 | F77: =COUNTIFS('Classificação v2'!$N$2:$N$361,"FN",'Classificação v2'!$B$2:$B$361,"7.7.2.1") -> 0 | G77: =COUNTIFS('Classificação v2'!$N$2:$N$361,"VN",'Classificação v2'!$B$2:$B$361,"7.7.2.1") -> 28 | H77: =IFERROR((D77+G77)/C77,"—") -> 1 | I77: =IFERROR(D77/(D77+E77),"—") -> 1 | J77: =IFERROR(D77/(D77+F77),"—") -> 1 | K77: =IFERROR(2*I77*J77/(I77+J77),"—") -> 1
A78: 7.8 | B78: python | C78: =D78+E78+F78+G78 -> 30 | D78: =COUNTIFS('Classificação v2'!$J$2:$J$361,"VP",'Classificação v2'!$B$2:$B$361,"7.8") -> 1 | E78: =COUNTIFS('Classificação v2'!$J$2:$J$361,"FP",'Classificação v2'!$B$2:$B$361,"7.8") -> 0 | F78: =COUNTIFS('Classificação v2'!$J$2:$J$361,"FN",'Classificação v2'!$B$2:$B$361,"7.8") -> 0 | G78: =COUNTIFS('Classificação v2'!$J$2:$J$361,"VN",'Classificação v2'!$B$2:$B$361,"7.8") -> 29 | H78: =IFERROR((D78+G78)/C78,"—") -> 1 | I78: =IFERROR(D78/(D78+E78),"—") -> 1 | J78: =IFERROR(D78/(D78+F78),"—") -> 1 | K78: =IFERROR(2*I78*J78/(I78+J78),"—") -> 1
A79: 7.8 | B79: llm | C79: =D79+E79+F79+G79 -> 30 | D79: =COUNTIFS('Classificação v2'!$L$2:$L$361,"VP",'Classificação v2'!$B$2:$B$361,"7.8") -> 1 | E79: =COUNTIFS('Classificação v2'!$L$2:$L$361,"FP",'Classificação v2'!$B$2:$B$361,"7.8") -> 0 | F79: =COUNTIFS('Classificação v2'!$L$2:$L$361,"FN",'Classificação v2'!$B$2:$B$361,"7.8") -> 0 | G79: =COUNTIFS('Classificação v2'!$L$2:$L$361,"VN",'Classificação v2'!$B$2:$B$361,"7.8") -> 29 | H79: =IFERROR((D79+G79)/C79,"—") -> 1 | I79: =IFERROR(D79/(D79+E79),"—") -> 1 | J79: =IFERROR(D79/(D79+F79),"—") -> 1 | K79: =IFERROR(2*I79*J79/(I79+J79),"—") -> 1
A80: 7.8 | B80: final | C80: =D80+E80+F80+G80 -> 30 | D80: =COUNTIFS('Classificação v2'!$N$2:$N$361,"VP",'Classificação v2'!$B$2:$B$361,"7.8") -> 1 | E80: =COUNTIFS('Classificação v2'!$N$2:$N$361,"FP",'Classificação v2'!$B$2:$B$361,"7.8") -> 0 | F80: =COUNTIFS('Classificação v2'!$N$2:$N$361,"FN",'Classificação v2'!$B$2:$B$361,"7.8") -> 0 | G80: =COUNTIFS('Classificação v2'!$N$2:$N$361,"VN",'Classificação v2'!$B$2:$B$361,"7.8") -> 29 | H80: =IFERROR((D80+G80)/C80,"—") -> 1 | I80: =IFERROR(D80/(D80+E80),"—") -> 1 | J80: =IFERROR(D80/(D80+F80),"—") -> 1 | K80: =IFERROR(2*I80*J80/(I80+J80),"—") -> 1
A82: n = 0 indica que a camada não avalia o item (Python no 7.7.1). '—' em precisão/recall: divisão por zero (sem positivos previstos ou reais).

Sheet Alarmes falsos LLM
A1: Onde o LLM sozinho erra — falsos positivos (FP) e negativos (FN) por item
A2: Contagens por CONT.SES. Em todos esses pares a camada final (Python) corrige o LLM, exceto W01/7.7.1 (item que o Python não mede).
A4: Item NBR | B4: FP estrito v1 | C4: FP estrito v2 | D4: FP amplo v1 | E4: FP amplo v2 | F4: FN estrito v2 | G4: FP final v2 (amplo) | H4: Causa provável (LLM)
A5: 4.6.6 | B5: =COUNTIFS('Classificação v1'!$K$2:$K$361,"FP",'Classificação v1'!$B$2:$B$361,"4.6.6") -> 0 | C5: =COUNTIFS('Classificação v2'!$K$2:$K$361,"FP",'Classificação v2'!$B$2:$B$361,"4.6.6") -> 0 | D5: =COUNTIFS('Classificação v1'!$L$2:$L$361,"FP",'Classificação v1'!$B$2:$B$361,"4.6.6") -> 26 | E5: =COUNTIFS('Classificação v2'!$L$2:$L$361,"FP",'Classificação v2'!$B$2:$B$361,"4.6.6") -> 27 | F5: =COUNTIFS('Classificação v2'!$K$2:$K$361,"FN",'Classificação v2'!$B$2:$B$361,"4.6.6") -> 2 | G5: =COUNTIFS('Classificação v2'!$N$2:$N$361,"FP",'Classificação v2'!$B$2:$B$361,"4.6.6") -> 0 | H5: Maçaneta tipo alavanca está nos Psets do TIPO da porta, que o prompt não inclui → Indeterminado.
A6: 5.4.3 | B6: =COUNTIFS('Classificação v1'!$K$2:$K$361,"FP",'Classificação v1'!$B$2:$B$361,"5.4.3") -> 0 | C6: =COUNTIFS('Classificação v2'!$K$2:$K$361,"FP",'Classificação v2'!$B$2:$B$361,"5.4.3") -> 0 | D6: =COUNTIFS('Classificação v1'!$L$2:$L$361,"FP",'Classificação v1'!$B$2:$B$361,"5.4.3") -> 0 | E6: =COUNTIFS('Classificação v2'!$L$2:$L$361,"FP",'Classificação v2'!$B$2:$B$361,"5.4.3") -> 0 | F6: =COUNTIFS('Classificação v2'!$K$2:$K$361,"FN",'Classificação v2'!$B$2:$B$361,"5.4.3") -> 0 | G6: =COUNTIFS('Classificação v2'!$N$2:$N$361,"FP",'Classificação v2'!$B$2:$B$361,"5.4.3") -> 0
A7: 6.3.4 | B7: =COUNTIFS('Classificação v1'!$K$2:$K$361,"FP",'Classificação v1'!$B$2:$B$361,"6.3.4") -> 0 | C7: =COUNTIFS('Classificação v2'!$K$2:$K$361,"FP",'Classificação v2'!$B$2:$B$361,"6.3.4") -> 1 | D7: =COUNTIFS('Classificação v1'!$L$2:$L$361,"FP",'Classificação v1'!$B$2:$B$361,"6.3.4") -> 19 | E7: =COUNTIFS('Classificação v2'!$L$2:$L$361,"FP",'Classificação v2'!$B$2:$B$361,"6.3.4") -> 17 | F7: =COUNTIFS('Classificação v2'!$K$2:$K$361,"FN",'Classificação v2'!$B$2:$B$361,"6.3.4") -> 0 | G7: =COUNTIFS('Classificação v2'!$N$2:$N$361,"FP",'Classificação v2'!$B$2:$B$361,"6.3.4") -> 0 | H7: Desnível de 5 mm no piso: o LLM hesita entre tolerância e falha → Indeterminado.
A8: 6.6 | B8: =COUNTIFS('Classificação v1'!$K$2:$K$361,"FP",'Classificação v1'!$B$2:$B$361,"6.6") -> 14 | C8: =COUNTIFS('Classificação v2'!$K$2:$K$361,"FP",'Classificação v2'!$B$2:$B$361,"6.6") -> 14 | D8: =COUNTIFS('Classificação v1'!$L$2:$L$361,"FP",'Classificação v1'!$B$2:$B$361,"6.6") -> 14 | E8: =COUNTIFS('Classificação v2'!$L$2:$L$361,"FP",'Classificação v2'!$B$2:$B$361,"6.6") -> 14 | F8: =COUNTIFS('Classificação v2'!$K$2:$K$361,"FN",'Classificação v2'!$B$2:$B$361,"6.6") -> 0 | G8: =COUNTIFS('Classificação v2'!$N$2:$N$361,"FP",'Classificação v2'!$B$2:$B$361,"6.6") -> 0 | H8: Inclinação calculada pelo Python (laje inclinada); o LLM às vezes não reconhece a rampa.
A9: 6.11.1 | B9: =COUNTIFS('Classificação v1'!$K$2:$K$361,"FP",'Classificação v1'!$B$2:$B$361,"6.11.1") -> 0 | C9: =COUNTIFS('Classificação v2'!$K$2:$K$361,"FP",'Classificação v2'!$B$2:$B$361,"6.11.1") -> 0 | D9: =COUNTIFS('Classificação v1'!$L$2:$L$361,"FP",'Classificação v1'!$B$2:$B$361,"6.11.1") -> 0 | E9: =COUNTIFS('Classificação v2'!$L$2:$L$361,"FP",'Classificação v2'!$B$2:$B$361,"6.11.1") -> 0 | F9: =COUNTIFS('Classificação v2'!$K$2:$K$361,"FN",'Classificação v2'!$B$2:$B$361,"6.11.1") -> 0 | G9: =COUNTIFS('Classificação v2'!$N$2:$N$361,"FP",'Classificação v2'!$B$2:$B$361,"6.11.1") -> 0
A10: 6.11.2 | B10: =COUNTIFS('Classificação v1'!$K$2:$K$361,"FP",'Classificação v1'!$B$2:$B$361,"6.11.2") -> 0 | C10: =COUNTIFS('Classificação v2'!$K$2:$K$361,"FP",'Classificação v2'!$B$2:$B$361,"6.11.2") -> 0 | D10: =COUNTIFS('Classificação v1'!$L$2:$L$361,"FP",'Classificação v1'!$B$2:$B$361,"6.11.2") -> 0 | E10: =COUNTIFS('Classificação v2'!$L$2:$L$361,"FP",'Classificação v2'!$B$2:$B$361,"6.11.2") -> 0 | F10: =COUNTIFS('Classificação v2'!$K$2:$K$361,"FN",'Classificação v2'!$B$2:$B$361,"6.11.2") -> 0 | G10: =COUNTIFS('Classificação v2'!$N$2:$N$361,"FP",'Classificação v2'!$B$2:$B$361,"6.11.2") -> 0
A11: 6.11.3 | B11: =COUNTIFS('Classificação v1'!$K$2:$K$361,"FP",'Classificação v1'!$B$2:$B$361,"6.11.3") -> 0 | C11: =COUNTIFS('Classificação v2'!$K$2:$K$361,"FP",'Classificação v2'!$B$2:$B$361,"6.11.3") -> 1 | D11: =COUNTIFS('Classificação v1'!$L$2:$L$361,"FP",'Classificação v1'!$B$2:$B$361,"6.11.3") -> 0 | E11: =COUNTIFS('Classificação v2'!$L$2:$L$361,"FP",'Classificação v2'!$B$2:$B$361,"6.11.3") -> 1 | F11: =COUNTIFS('Classificação v2'!$K$2:$K$361,"FN",'Classificação v2'!$B$2:$B$361,"6.11.3") -> 0 | G11: =COUNTIFS('Classificação v2'!$N$2:$N$361,"FP",'Classificação v2'!$B$2:$B$361,"6.11.3") -> 0 | H11: Caso isolado (variação de uma rodada).
A12: 7.5 | B12: =COUNTIFS('Classificação v1'!$K$2:$K$361,"FP",'Classificação v1'!$B$2:$B$361,"7.5") -> 0 | C12: =COUNTIFS('Classificação v2'!$K$2:$K$361,"FP",'Classificação v2'!$B$2:$B$361,"7.5") -> 0 | D12: =COUNTIFS('Classificação v1'!$L$2:$L$361,"FP",'Classificação v1'!$B$2:$B$361,"7.5") -> 0 | E12: =COUNTIFS('Classificação v2'!$L$2:$L$361,"FP",'Classificação v2'!$B$2:$B$361,"7.5") -> 0 | F12: =COUNTIFS('Classificação v2'!$K$2:$K$361,"FN",'Classificação v2'!$B$2:$B$361,"7.5") -> 0 | G12: =COUNTIFS('Classificação v2'!$N$2:$N$361,"FP",'Classificação v2'!$B$2:$B$361,"7.5") -> 0
A13: 7.6-7.8 | B13: =COUNTIFS('Classificação v1'!$K$2:$K$361,"FP",'Classificação v1'!$B$2:$B$361,"7.6-7.8") -> 22 | C13: =COUNTIFS('Classificação v2'!$K$2:$K$361,"FP",'Classificação v2'!$B$2:$B$361,"7.6-7.8") -> 19 | D13: =COUNTIFS('Classificação v1'!$L$2:$L$361,"FP",'Classificação v1'!$B$2:$B$361,"7.6-7.8") -> 22 | E13: =COUNTIFS('Classificação v2'!$L$2:$L$361,"FP",'Classificação v2'!$B$2:$B$361,"7.6-7.8") -> 19 | F13: =COUNTIFS('Classificação v2'!$K$2:$K$361,"FN",'Classificação v2'!$B$2:$B$361,"7.6-7.8") -> 0 | G13: =COUNTIFS('Classificação v2'!$N$2:$N$361,"FP",'Classificação v2'!$B$2:$B$361,"7.6-7.8") -> 0 | H13: Regras de barra por tipo (A, A1, lavatório) exigem cotas 3D; o LLM tende a Parcial.
A14: 7.7.1 | B14: =COUNTIFS('Classificação v1'!$K$2:$K$361,"FP",'Classificação v1'!$B$2:$B$361,"7.7.1") -> 0 | C14: =COUNTIFS('Classificação v2'!$K$2:$K$361,"FP",'Classificação v2'!$B$2:$B$361,"7.7.1") -> 1 | D14: =COUNTIFS('Classificação v1'!$L$2:$L$361,"FP",'Classificação v1'!$B$2:$B$361,"7.7.1") -> 0 | E14: =COUNTIFS('Classificação v2'!$L$2:$L$361,"FP",'Classificação v2'!$B$2:$B$361,"7.7.1") -> 1 | F14: =COUNTIFS('Classificação v2'!$K$2:$K$361,"FN",'Classificação v2'!$B$2:$B$361,"7.7.1") -> 0 | G14: =COUNTIFS('Classificação v2'!$N$2:$N$361,"FP",'Classificação v2'!$B$2:$B$361,"7.7.1") -> 1 | H14: W01: o LLM associou o ambiente reduzido à área de transferência (ambíguo).
A15: 7.7.2.1 | B15: =COUNTIFS('Classificação v1'!$K$2:$K$361,"FP",'Classificação v1'!$B$2:$B$361,"7.7.2.1") -> 28 | C15: =COUNTIFS('Classificação v2'!$K$2:$K$361,"FP",'Classificação v2'!$B$2:$B$361,"7.7.2.1") -> 28 | D15: =COUNTIFS('Classificação v1'!$L$2:$L$361,"FP",'Classificação v1'!$B$2:$B$361,"7.7.2.1") -> 28 | E15: =COUNTIFS('Classificação v2'!$L$2:$L$361,"FP",'Classificação v2'!$B$2:$B$361,"7.7.2.1") -> 28 | F15: =COUNTIFS('Classificação v2'!$K$2:$K$361,"FN",'Classificação v2'!$B$2:$B$361,"7.7.2.1") -> 1 | G15: =COUNTIFS('Classificação v2'!$N$2:$N$361,"FP",'Classificação v2'!$B$2:$B$361,"7.7.2.1") -> 0 | H15: Sem altura explícita da bacia no texto, o LLM marca Indeterminado/Parcial; o Python lê a geometria.
A16: 7.8 | B16: =COUNTIFS('Classificação v1'!$K$2:$K$361,"FP",'Classificação v1'!$B$2:$B$361,"7.8") -> 0 | C16: =COUNTIFS('Classificação v2'!$K$2:$K$361,"FP",'Classificação v2'!$B$2:$B$361,"7.8") -> 0 | D16: =COUNTIFS('Classificação v1'!$L$2:$L$361,"FP",'Classificação v1'!$B$2:$B$361,"7.8") -> 0 | E16: =COUNTIFS('Classificação v2'!$L$2:$L$361,"FP",'Classificação v2'!$B$2:$B$361,"7.8") -> 0 | F16: =COUNTIFS('Classificação v2'!$K$2:$K$361,"FN",'Classificação v2'!$B$2:$B$361,"7.8") -> 0 | G16: =COUNTIFS('Classificação v2'!$N$2:$N$361,"FP",'Classificação v2'!$B$2:$B$361,"7.8") -> 0
A17: Total | B17: =SUM(B5:B16) -> 64 | C17: =SUM(C5:C16) -> 64 | D17: =SUM(D5:D16) -> 109 | E17: =SUM(E5:E16) -> 107 | F17: =SUM(F5:F16) -> 3 | G17: =SUM(G5:G16) -> 1
A19: Leitura: no critério amplo, 'Indeterminado' conta como alarme. A maioria dos FP do LLM é Indeterminado — ele pede revisão humana quando o dado não está explícito no texto.

Sheet Consistência LLM v1×v2
A1: Repetibilidade do LLM: mesmo IFC, mesmo prompt, temperatura 0, duas rodadas
A3: Pares comparados | B3: =COUNTA(A19:A378) -> 360 | D3: Item NBR | E3: Divergências LLM
A4: LLM igual nas 2 rodadas | B4: =SUM(E19:E378) -> 331 | D4: 4.6.6 | E4: =COUNTIFS(B19:B378,"4.6.6",E19:E378,0) -> 1
A5: Consistência LLM | B5: =B4/B3 -> 0.91944444 | D5: 5.4.3 | E5: =COUNTIFS(B19:B378,"5.4.3",E19:E378,0) -> 0
A6: Python igual nas 2 rodadas | B6: =SUM(H19:H378) -> 359 | D6: 6.3.4 | E6: =COUNTIFS(B19:B378,"6.3.4",E19:E378,0) -> 12
A7: Consistência Python | B7: =B6/B3 -> 0.99722222 | D7: 6.6 | E7: =COUNTIFS(B19:B378,"6.6",E19:E378,0) -> 9
D8: 6.11.1 | E8: =COUNTIFS(B19:B378,"6.11.1",E19:E378,0) -> 0
D9: 6.11.2 | E9: =COUNTIFS(B19:B378,"6.11.2",E19:E378,0) -> 1
D10: 6.11.3 | E10: =COUNTIFS(B19:B378,"6.11.3",E19:E378,0) -> 1
D11: 7.5 | E11: =COUNTIFS(B19:B378,"7.5",E19:E378,0) -> 0
D12: 7.6-7.8 | E12: =COUNTIFS(B19:B378,"7.6-7.8",E19:E378,0) -> 3
D13: 7.7.1 | E13: =COUNTIFS(B19:B378,"7.7.1",E19:E378,0) -> 1
D14: 7.7.2.1 | E14: =COUNTIFS(B19:B378,"7.7.2.1",E19:E378,0) -> 1
D15: 7.8 | E15: =COUNTIFS(B19:B378,"7.8",E19:E378,0) -> 0
A17: O Python só mudou em S02/7.7.2.1 (correção do código entre as rodadas, não variação aleatória).
A18: Variante | B18: Item NBR | C18: LLM v1 | D18: LLM v2 | E18: LLM igual | F18: Python v1 | G18: Python v2 | H18: Python igual
A19: B00 | B19: 6.6 | C19: Não Conforme | D19: Conforme | E19: =IF(C19=D19,1,0) -> 0 | F19: Conforme | G19: Conforme | H19: =IF(F19=G19,1,0) -> 1
A20: B00 | B20: 6.11.1 | C20: Conforme | D20: Conforme | E20: =IF(C20=D20,1,0) -> 1 | F20: Conforme | G20: Conforme | H20: =IF(F20=G20,1,0) -> 1
A21: B00 | B21: 6.11.2 | C21: Conforme | D21: Conforme | E21: =IF(C21=D21,1,0) -> 1 | F21: Conforme | G21: Conforme | H21: =IF(F21=G21,1,0) -> 1
A22: B00 | B22: 6.11.3 | C22: Conforme | D22: Conforme | E22: =IF(C22=D22,1,0) -> 1 | F22: Conforme | G22: Conforme | H22: =IF(F22=G22,1,0) -> 1
A23: B00 | B23: 5.4.3 | C23: Conforme | D23: Conforme | E23: =IF(C23=D23,1,0) -> 1 | F23: Conforme | G23: Conforme | H23: =IF(F23=G23,1,0) -> 1
A24: B00 | B24: 6.3.4 | C24: Conforme | D24: Conforme | E24: =IF(C24=D24,1,0) -> 1 | F24: Conforme | G24: Conforme | H24: =IF(F24=G24,1,0) -> 1
A25: B00 | B25: 7.5 | C25: Conforme | D25: Conforme | E25: =IF(C25=D25,1,0) -> 1 | F25: Conforme | G25: Conforme | H25: =IF(F25=G25,1,0) -> 1
A26: B00 | B26: 7.7.2.1 | C26: Não Conforme | D26: Não Conforme | E26: =IF(C26=D26,1,0) -> 1 | F26: Conforme | G26: Conforme | H26: =IF(F26=G26,1,0) -> 1
A27: B00 | B27: 7.7.1 | C27: Conforme | D27: Conforme | E27: =IF(C27=D27,1,0) -> 1 | F27: — | G27: — | H27: =IF(F27=G27,1,0) -> 1
A28: B00 | B28: 4.6.6 | C28: Indeterminado | D28: Indeterminado | E28: =IF(C28=D28,1,0) -> 1 | F28: Conforme | G28: Conforme | H28: =IF(F28=G28,1,0) -> 1
A29: B00 | B29: 7.6-7.8 | C29: Parcial | D29: Parcial | E29: =IF(C29=D29,1,0) -> 1 | F29: Conforme | G29: Conforme | H29: =IF(F29=G29,1,0) -> 1
A30: B00 | B30: 7.8 | C30: Conforme | D30: Conforme | E30: =IF(C30=D30,1,0) -> 1 | F30: Conforme | G30: Conforme | H30: =IF(F30=G30,1,0) -> 1
... A378: X02 | B378: 7.8 | C378: Conforme | D378: Conforme | E378: =IF(C378=D378,1,0) -> 1 | F378: Conforme | G378: Conforme | H378: =IF(F378=G378,1,0) -> 1

Sheet Erros do auditor v2
A1: Divergências da rodada v2 contra o gabarito com errata
A2: Camadas python e final no topo (com causa); camada llm abaixo. Fonte: erros_auditor.csv.
A4: Camada | B4: Variante | C4: Item NBR | D4: Esperado | E4: Obtido | F4: Tipo de erro | G4: Causa | H4: Detalhe do Python
A5: python | B5: S01 | C5: 7.7.2.1 | D5: Não Conforme | E5: Indeterminado | F5: estrito=FN; amplo=categoria | G5: Regra de projeto: bacia fora de 0,41–0,47 m vira 'verificar in loco' (Indeterminado), nunca Não Conforme. FN estrito, acerto no amplo. | H5: Indeterminado: Altura 0.495 m fora da faixa aceitável (< 0.41 m ou > 0.47 m). Requer verificação in loco.
A6: python | B6: S02 | C6: 7.6-7.8 | D6: Parcial | E6: Conforme | F6: estrito=FN; amplo=FN | G6: Barra de fundo a 3,2 cm da tampa (mín. 4 cm) aceita pela tolerância de modelagem de 1 cm (TOL_BARRA_CONF). FN nos dois critérios.
A7: final | B7: S01 | C7: 7.7.2.1 | D7: Não Conforme | E7: Indeterminado | F7: estrito=FN; amplo=categoria | G7: Regra de projeto: bacia fora de 0,41–0,47 m vira 'verificar in loco' (Indeterminado), nunca Não Conforme. FN estrito, acerto no amplo. | H7: Indeterminado: Altura 0.495 m fora da faixa aceitável (< 0.41 m ou > 0.47 m). Requer verificação in loco.
A8: final | B8: S02 | C8: 7.6-7.8 | D8: Parcial | E8: Conforme | F8: estrito=FN; amplo=FN | G8: Barra de fundo a 3,2 cm da tampa (mín. 4 cm) aceita pela tolerância de modelagem de 1 cm (TOL_BARRA_CONF). FN nos dois critérios.
A9: final | B9: W01 | C9: 7.7.1 | D9: Conforme | E9: Não Conforme | F9: estrito=FP; amplo=FP | G9: Python não mede 7.7.1; vale o LLM, que ligou o ambiente reduzido à área de transferência. Ambíguo (ver sensibilidade no Resumo).
A10: llm | B10: A01 | C10: 4.6.6 | D10: Conforme | E10: Indeterminado | F10: estrito=categoria; amplo=FP
A11: llm | B11: A01 | C11: 6.3.4 | D11: Conforme | E11: N/A | F11: estrito=categoria; amplo=categoria
A12: llm | B12: A01 | C12: 7.7.2.1 | D12: Conforme | E12: Não Conforme | F12: estrito=FP; amplo=FP
A13: llm | B13: B00 | C13: 4.6.6 | D13: Conforme | E13: Indeterminado | F13: estrito=categoria; amplo=FP
A14: llm | B14: B00 | C14: 7.6-7.8 | D14: Conforme | E14: Parcial | F14: estrito=FP; amplo=FP
A15: llm | B15: B00 | C15: 7.7.2.1 | D15: Conforme | E15: Não Conforme | F15: estrito=FP; amplo=FP
A16: llm | B16: C01 | C16: 4.6.6 | D16: Conforme | E16: Indeterminado | F16: estrito=categoria; amplo=FP
A17: llm | B17: C01 | C17: 5.4.3 | D17: Parcial | E17: Não Conforme | F17: estrito=categoria; amplo=categoria | H17: Parcial: corrimão em só um lado. Detalhe: lado direito: [2iZFzhqZj33PazahJbF49C] topo 0.92 m, níveis 0,70/0,92 m, acompanha a rampa.
A18: llm | B18: C01 | C18: 6.11.3 | D18: Conforme | E18: Parcial | F18: estrito=FP; amplo=FP
A19: llm | B19: C01 | C19: 7.6-7.8 | D19: Conforme | E19: Parcial | F19: estrito=FP; amplo=FP
A20: llm | B20: C01 | C20: 7.7.2.1 | D20: Conforme | E20: Não Conforme | F20: estrito=FP; amplo=FP
A21: llm | B21: C02 | C21: 4.6.6 | D21: Conforme | E21: Indeterminado | F21: estrito=categoria; amplo=FP
A22: llm | B22: C02 | C22: 6.3.4 | D22: Conforme | E22: Indeterminado | F22: estrito=categoria; amplo=FP
A23: llm | B23: C02 | C23: 6.6 | D23: Conforme | E23: Não Conforme | F23: estrito=FP; amplo=FP
A24: llm | B24: C02 | C24: 7.6-7.8 | D24: Conforme | E24: Parcial | F24: estrito=FP; amplo=FP
A25: llm | B25: C02 | C25: 7.7.2.1 | D25: Conforme | E25: Não Conforme | F25: estrito=FP; amplo=FP
A26: llm | B26: C03 | C26: 4.6.6 | D26: Conforme | E26: Indeterminado | F26: estrito=categoria; amplo=FP
A27: llm | B27: C03 | C27: 6.3.4 | D27: Conforme | E27: Não Conforme | F27: estrito=FP; amplo=FP
A28: llm | B28: C03 | C28: 6.6 | D28: Conforme | E28: Não Conforme | F28: estrito=FP; amplo=FP
A29: llm | B29: C03 | C29: 7.7.2.1 | D29: Conforme | E29: Não Conforme | F29: estrito=FP; amplo=FP
A30: llm | B30: D01 | C30: 4.6.6 | D30: Conforme | E30: Indeterminado | F30: estrito=categoria; amplo=FP
A31: llm | B31: D01 | C31: 6.3.4 | D31: Parcial | E31: Não Conforme | F31: estrito=fora (só amplo); amplo=categoria | H31: Indeterminado: Desnível de 15.0 mm na porta: exige chanfro com inclinação ≤ 1:2 (50%). Nenhum chanfro modelado — verificar detalhe de soleira/obra.
A32: llm | B32: D01 | C32: 7.6-7.8 | D32: Conforme | E32: Parcial | F32: estrito=FP; amplo=FP
A33: llm | B33: D01 | C33: 7.7.2.1 | D33: Conforme | E33: Não Conforme | F33: estrito=FP; amplo=FP
A34: llm | B34: D02 | C34: 4.6.6 | D34: Conforme | E34: Indeterminado | F34: estrito=categoria; amplo=FP
A35: llm | B35: D02 | C35: 6.3.4 | D35: Parcial | E35: Não Conforme | F35: estrito=categoria; amplo=categoria | H35: Não Conforme: Desnível de 30.0 mm na porta: acima de 20 mm é degrau — rota acessível exige rampa.
A36: llm | B36: D02 | C36: 7.6-7.8 | D36: Conforme | E36: Parcial | F36: estrito=FP; amplo=FP
A37: llm | B37: D02 | C37: 7.7.2.1 | D37: Conforme | E37: Não Conforme | F37: estrito=FP; amplo=FP
A38: llm | B38: D03 | C38: 4.6.6 | D38: Conforme | E38: Indeterminado | F38: estrito=categoria; amplo=FP
A39: llm | B39: D03 | C39: 6.6 | D39: Conforme | E39: Não Conforme | F39: estrito=FP; amplo=FP
A40: llm | B40: D03 | C40: 7.6-7.8 | D40: Conforme | E40: Parcial | F40: estrito=FP; amplo=FP
A41: llm | B41: D03 | C41: 7.7.2.1 | D41: Conforme | E41: Não Conforme | F41: estrito=FP; amplo=FP
A42: llm | B42: G01 | C42: 4.6.6 | D42: Conforme | E42: Indeterminado | F42: estrito=categoria; amplo=FP
A43: llm | B43: G01 | C43: 6.3.4 | D43: Conforme | E43: Indeterminado | F43: estrito=categoria; amplo=FP
A44: llm | B44: G01 | C44: 6.6 | D44: Conforme | E44: Não Conforme | F44: estrito=FP; amplo=FP
A45: llm | B45: G01 | C45: 7.7.2.1 | D45: Conforme | E45: Não Conforme | F45: estrito=FP; amplo=FP
A46: llm | B46: G02 | C46: 4.6.6 | D46: Conforme | E46: Indeterminado | F46: estrito=categoria; amplo=FP
A47: llm | B47: G02 | C47: 6.3.4 | D47: Conforme | E47: N/A | F47: estrito=categoria; amplo=categoria
... A71: llm | B71: L01 | C71: 7.7.2.1 | D71: Conforme | E71: Não Conforme | F71: estrito=FP; amplo=FP
A72: llm | B72: M01 | C72: 4.6.6 | D72: Não Conforme | E72: Indeterminado | F72: estrito=FN; amplo=categoria | H72: Não Conforme: Pset do tipo 'Identity Data(Type)' → Ferragens: "fechadura e maçaneta tipo bola esférica" indica maçaneta esférica/giratória. Porta entre: 102 ACE
A73: llm | B73: M01 | C73: 6.3.4 | D73: Conforme | E73: Indeterminado | F73: estrito=categoria; amplo=FP
A74: llm | B74: M01 | C74: 6.6 | D74: Conforme | E74: Não Conforme | F74: estrito=FP; amplo=FP
A75: llm | B75: M01 | C75: 7.6-7.8 | D75: Conforme | E75: Parcial | F75: estrito=FP; amplo=FP
A76: llm | B76: M01 | C76: 7.7.2.1 | D76: Conforme | E76: Não Conforme | F76: estrito=FP; amplo=FP
A77: llm | B77: M02 | C77: 6.6 | D77: Conforme | E77: Não Conforme | F77: estrito=FP; amplo=FP
A78: llm | B78: M02 | C78: 7.6-7.8 | D78: Conforme | E78: Parcial | F78: estrito=FP; amplo=FP
A79: llm | B79: M02 | C79: 7.7.2.1 | D79: Conforme | E79: Não Conforme | F79: estrito=FP; amplo=FP
A80: llm | B80: P01 | C80: 4.6.6 | D80: Conforme | E80: Indeterminado | F80: estrito=categoria; amplo=FP
A81: llm | B81: P01 | C81: 6.3.4 | D81: Conforme | E81: Indeterminado | F81: estrito=categoria; amplo=FP
A82: llm | B82: P01 | C82: 6.6 | D82: Conforme | E82: Não Conforme | F82: estrito=FP; amplo=FP
A83: llm | B83: P01 | C83: 7.6-7.8 | D83: Conforme | E83: Parcial | F83: estrito=FP; amplo=FP
A84: llm | B84: P01 | C84: 7.7.2.1 | D84: Conforme | E84: Não Conforme | F84: estrito=FP; amplo=FP
... A112: llm | B112: S02 | C112: 6.3.4 | D112: Conforme | E112: Indeterminado | F112: estrito=categoria; amplo=FP
A113: llm | B113: S02 | C113: 7.7.2.1 | D113: Parcial | E113: Indeterminado | F113: estrito=FN; amplo=categoria | H113: Parcial: Altura 0.455 m próxima ao intervalo (0.43–0.45 m). Validação manual recomendada.
A114: llm | B114: W01 | C114: 4.6.6 | D114: Conforme | E114: Indeterminado | F114: estrito=categoria; amplo=FP
A115: llm | B115: W01 | C115: 6.3.4 | D115: Conforme | E115: Indeterminado | F115: estrito=categoria; amplo=FP
A116: llm | B116: W01 | C116: 7.6-7.8 | D116: Conforme | E116: Parcial | F116: estrito=FP; amplo=FP
A117: llm | B117: W01 | C117: 7.7.1 | D117: Conforme | E117: Não Conforme | F117: estrito=FP; amplo=FP
A118: llm | B118: W01 | C118: 7.7.2.1 | D118: Conforme | E118: Não Conforme | F118: estrito=FP; amplo=FP
A119: llm | B119: X01 | C119: 4.6.6 | D119: Conforme | E119: Indeterminado | F119: estrito=categoria; amplo=FP
A120: llm | B120: X01 | C120: 6.3.4 | D120: Parcial | E120: Não Conforme | F120: estrito=categoria; amplo=categoria | H120: Não Conforme: Desnível de 30.0 mm na porta: acima de 20 mm é degrau — rota acessível exige rampa.
A121: llm | B121: X01 | C121: 7.7.2.1 | D121: Conforme | E121: Não Conforme | F121: estrito=FP; amplo=FP
A122: llm | B122: X02 | C122: 4.6.6 | D122: Não Conforme | E122: Indeterminado | F122: estrito=FN; amplo=categoria | H122: Não Conforme: Pset do tipo 'Identity Data(Type)' → Ferragens: "fechadura e maçaneta tipo bola esférica" indica maçaneta esférica/giratória. Porta entre: 102 ACE
A123: llm | B123: X02 | C123: 5.4.3 | D123: Parcial | E123: Não Conforme | F123: estrito=categoria; amplo=categoria | H123: Parcial: corrimão em só um lado. Detalhe: lado direito: [2iZFzhqZj33PazahJbF49C] topo 0.92 m, níveis 0,70/0,92 m, acompanha a rampa.
A124: llm | B124: X02 | C124: 6.3.4 | D124: Conforme | E124: Indeterminado | F124: estrito=categoria; amplo=FP
A125: llm | B125: X02 | C125: 7.6-7.8 | D125: Conforme | E125: Parcial | F125: estrito=FP; amplo=FP
A126: llm | B126: X02 | C126: 7.7.2.1 | D126: Conforme | E126: Não Conforme | F126: estrito=FP; amplo=FP

Sheet Classificação v2
A1: Variante | B1: Item NBR | C1: Esperado (gabarito) | D1: Esperado (errata) | E1: Python | F1: LLM | G1: Final | H1: Sensib. W01 (1 = excluir) | I1: Python estrito | J1: Python amplo | K1: LLM estrito | L1: LLM amplo | M1: Final estrito | N1: Final amplo | O1: Python exato | P1: LLM exato | Q1: Final exato
A2: B00 | B2: 6.6 | C2: Conforme | D2: Conforme | E2: Conforme | F2: Conforme | G2: Conforme | H2: 0 | I2: =IF(E2="—","—",IF($C2="Indeterminado","fora",IF(AND($C2<>"Conforme",$C2<>"N/A"),IF(OR(E2="Não Conforme",E2="Parcial"),"VP","FN"),IF(OR(E2="Não Conforme",E2="Parcial"),"FP","VN")))) -> VN | J2: =IF(E2="—","—",IF(AND($C2<>"Conforme",$C2<>"N/A"),IF(OR(E2="Não Conforme",E2="Parcial",E2="Indeterminado"),"VP","FN"),IF(OR(E2="Não Conforme",E2="Parcial",E2="Indeterminado"),"FP","VN"))) -> VN | K2: =IF(F2="—","—",IF($C2="Indeterminado","fora",IF(AND($C2<>"Conforme",$C2<>"N/A"),IF(OR(F2="Não Conforme",F2="Parcial"),"VP","FN"),IF(OR(F2="Não Conforme",F2="Parcial"),"FP","VN")))) -> VN | L2: =IF(F2="—","—",IF(AND($C2<>"Conforme",$C2<>"N/A"),IF(OR(F2="Não Conforme",F2="Parcial",F2="Indeterminado"),"VP","FN"),IF(OR(F2="Não Conforme",F2="Parcial",F2="Indeterminado"),"FP","VN"))) -> VN | M2: =IF(G2="—","—",IF($C2="Indeterminado","fora",IF(AND($C2<>"Conforme",$C2<>"N/A"),IF(OR(G2="Não Conforme",G2="Parcial"),"VP","FN"),IF(OR(G2="Não Conforme",G2="Parcial"),"FP","VN")))) -> VN | N2: =IF(G2="—","—",IF(AND($C2<>"Conforme",$C2<>"N/A"),IF(OR(G2="Não Conforme",G2="Parcial",G2="Indeterminado"),"VP","FN"),IF(OR(G2="Não Conforme",G2="Parcial",G2="Indeterminado"),"FP","VN"))) -> VN | O2: =IF(E2="—","—",IF(E2=$D2,1,0)) -> 1 | P2: =IF(F2="—","—",IF(F2=$D2,1,0)) -> 1 | Q2: =IF(G2="—","—",IF(G2=$D2,1,0)) -> 1
A3: B00 | B3: 6.11.1 | C3: Conforme | D3: Conforme | E3: Conforme | F3: Conforme | G3: Conforme | H3: 0 | I3: =IF(E3="—","—",IF($C3="Indeterminado","fora",IF(AND($C3<>"Conforme",$C3<>"N/A"),IF(OR(E3="Não Conforme",E3="Parcial"),"VP","FN"),IF(OR(E3="Não Conforme",E3="Parcial"),"FP","VN")))) -> VN | J3: =IF(E3="—","—",IF(AND($C3<>"Conforme",$C3<>"N/A"),IF(OR(E3="Não Conforme",E3="Parcial",E3="Indeterminado"),"VP","FN"),IF(OR(E3="Não Conforme",E3="Parcial",E3="Indeterminado"),"FP","VN"))) -> VN | K3: =IF(F3="—","—",IF($C3="Indeterminado","fora",IF(AND($C3<>"Conforme",$C3<>"N/A"),IF(OR(F3="Não Conforme",F3="Parcial"),"VP","FN"),IF(OR(F3="Não Conforme",F3="Parcial"),"FP","VN")))) -> VN | L3: =IF(F3="—","—",IF(AND($C3<>"Conforme",$C3<>"N/A"),IF(OR(F3="Não Conforme",F3="Parcial",F3="Indeterminado"),"VP","FN"),IF(OR(F3="Não Conforme",F3="Parcial",F3="Indeterminado"),"FP","VN"))) -> VN | M3: =IF(G3="—","—",IF($C3="Indeterminado","fora",IF(AND($C3<>"Conforme",$C3<>"N/A"),IF(OR(G3="Não Conforme",G3="Parcial"),"VP","FN"),IF(OR(G3="Não Conforme",G3="Parcial"),"FP","VN")))) -> VN | N3: =IF(G3="—","—",IF(AND($C3<>"Conforme",$C3<>"N/A"),IF(OR(G3="Não Conforme",G3="Parcial",G3="Indeterminado"),"VP","FN"),IF(OR(G3="Não Conforme",G3="Parcial",G3="Indeterminado"),"FP","VN"))) -> VN | O3: =IF(E3="—","—",IF(E3=$D3,1,0)) -> 1 | P3: =IF(F3="—","—",IF(F3=$D3,1,0)) -> 1 | Q3: =IF(G3="—","—",IF(G3=$D3,1,0)) -> 1
A4: B00 | B4: 6.11.2 | C4: Conforme | D4: Conforme | E4: Conforme | F4: Conforme | G4: Conforme | H4: 0 | I4: =IF(E4="—","—",IF($C4="Indeterminado","fora",IF(AND($C4<>"Conforme",$C4<>"N/A"),IF(OR(E4="Não Conforme",E4="Parcial"),"VP","FN"),IF(OR(E4="Não Conforme",E4="Parcial"),"FP","VN")))) -> VN | J4: =IF(E4="—","—",IF(AND($C4<>"Conforme",$C4<>"N/A"),IF(OR(E4="Não Conforme",E4="Parcial",E4="Indeterminado"),"VP","FN"),IF(OR(E4="Não Conforme",E4="Parcial",E4="Indeterminado"),"FP","VN"))) -> VN | K4: =IF(F4="—","—",IF($C4="Indeterminado","fora",IF(AND($C4<>"Conforme",$C4<>"N/A"),IF(OR(F4="Não Conforme",F4="Parcial"),"VP","FN"),IF(OR(F4="Não Conforme",F4="Parcial"),"FP","VN")))) -> VN | L4: =IF(F4="—","—",IF(AND($C4<>"Conforme",$C4<>"N/A"),IF(OR(F4="Não Conforme",F4="Parcial",F4="Indeterminado"),"VP","FN"),IF(OR(F4="Não Conforme",F4="Parcial",F4="Indeterminado"),"FP","VN"))) -> VN | M4: =IF(G4="—","—",IF($C4="Indeterminado","fora",IF(AND($C4<>"Conforme",$C4<>"N/A"),IF(OR(G4="Não Conforme",G4="Parcial"),"VP","FN"),IF(OR(G4="Não Conforme",G4="Parcial"),"FP","VN")))) -> VN | N4: =IF(G4="—","—",IF(AND($C4<>"Conforme",$C4<>"N/A"),IF(OR(G4="Não Conforme",G4="Parcial",G4="Indeterminado"),"VP","FN"),IF(OR(G4="Não Conforme",G4="Parcial",G4="Indeterminado"),"FP","VN"))) -> VN | O4: =IF(E4="—","—",IF(E4=$D4,1,0)) -> 1 | P4: =IF(F4="—","—",IF(F4=$D4,1,0)) -> 1 | Q4: =IF(G4="—","—",IF(G4=$D4,1,0)) -> 1
A5: B00 | B5: 6.11.3 | C5: Conforme | D5: Conforme | E5: Conforme | F5: Conforme | G5: Conforme | H5: 0 | I5: =IF(E5="—","—",IF($C5="Indeterminado","fora",IF(AND($C5<>"Conforme",$C5<>"N/A"),IF(OR(E5="Não Conforme",E5="Parcial"),"VP","FN"),IF(OR(E5="Não Conforme",E5="Parcial"),"FP","VN")))) -> VN | J5: =IF(E5="—","—",IF(AND($C5<>"Conforme",$C5<>"N/A"),IF(OR(E5="Não Conforme",E5="Parcial",E5="Indeterminado"),"VP","FN"),IF(OR(E5="Não Conforme",E5="Parcial",E5="Indeterminado"),"FP","VN"))) -> VN | K5: =IF(F5="—","—",IF($C5="Indeterminado","fora",IF(AND($C5<>"Conforme",$C5<>"N/A"),IF(OR(F5="Não Conforme",F5="Parcial"),"VP","FN"),IF(OR(F5="Não Conforme",F5="Parcial"),"FP","VN")))) -> VN | L5: =IF(F5="—","—",IF(AND($C5<>"Conforme",$C5<>"N/A"),IF(OR(F5="Não Conforme",F5="Parcial",F5="Indeterminado"),"VP","FN"),IF(OR(F5="Não Conforme",F5="Parcial",F5="Indeterminado"),"FP","VN"))) -> VN | M5: =IF(G5="—","—",IF($C5="Indeterminado","fora",IF(AND($C5<>"Conforme",$C5<>"N/A"),IF(OR(G5="Não Conforme",G5="Parcial"),"VP","FN"),IF(OR(G5="Não Conforme",G5="Parcial"),"FP","VN")))) -> VN | N5: =IF(G5="—","—",IF(AND($C5<>"Conforme",$C5<>"N/A"),IF(OR(G5="Não Conforme",G5="Parcial",G5="Indeterminado"),"VP","FN"),IF(OR(G5="Não Conforme",G5="Parcial",G5="Indeterminado"),"FP","VN"))) -> VN | O5: =IF(E5="—","—",IF(E5=$D5,1,0)) -> 1 | P5: =IF(F5="—","—",IF(F5=$D5,1,0)) -> 1 | Q5: =IF(G5="—","—",IF(G5=$D5,1,0)) -> 1
A6: B00 | B6: 5.4.3 | C6: Conforme | D6: Conforme | E6: Conforme | F6: Conforme | G6: Conforme | H6: 0 | I6: =IF(E6="—","—",IF($C6="Indeterminado","fora",IF(AND($C6<>"Conforme",$C6<>"N/A"),IF(OR(E6="Não Conforme",E6="Parcial"),"VP","FN"),IF(OR(E6="Não Conforme",E6="Parcial"),"FP","VN")))) -> VN | J6: =IF(E6="—","—",IF(AND($C6<>"Conforme",$C6<>"N/A"),IF(OR(E6="Não Conforme",E6="Parcial",E6="Indeterminado"),"VP","FN"),IF(OR(E6="Não Conforme",E6="Parcial",E6="Indeterminado"),"FP","VN"))) -> VN | K6: =IF(F6="—","—",IF($C6="Indeterminado","fora",IF(AND($C6<>"Conforme",$C6<>"N/A"),IF(OR(F6="Não Conforme",F6="Parcial"),"VP","FN"),IF(OR(F6="Não Conforme",F6="Parcial"),"FP","VN")))) -> VN | L6: =IF(F6="—","—",IF(AND($C6<>"Conforme",$C6<>"N/A"),IF(OR(F6="Não Conforme",F6="Parcial",F6="Indeterminado"),"VP","FN"),IF(OR(F6="Não Conforme",F6="Parcial",F6="Indeterminado"),"FP","VN"))) -> VN | M6: =IF(G6="—","—",IF($C6="Indeterminado","fora",IF(AND($C6<>"Conforme",$C6<>"N/A"),IF(OR(G6="Não Conforme",G6="Parcial"),"VP","FN"),IF(OR(G6="Não Conforme",G6="Parcial"),"FP","VN")))) -> VN | N6: =IF(G6="—","—",IF(AND($C6<>"Conforme",$C6<>"N/A"),IF(OR(G6="Não Conforme",G6="Parcial",G6="Indeterminado"),"VP","FN"),IF(OR(G6="Não Conforme",G6="Parcial",G6="Indeterminado"),"FP","VN"))) -> VN | O6: =IF(E6="—","—",IF(E6=$D6,1,0)) -> 1 | P6: =IF(F6="—","—",IF(F6=$D6,1,0)) -> 1 | Q6: =IF(G6="—","—",IF(G6=$D6,1,0)) -> 1
A7: B00 | B7: 6.3.4 | C7: Conforme | D7: Conforme | E7: Conforme | F7: Conforme | G7: Conforme | H7: 0 | I7: =IF(E7="—","—",IF($C7="Indeterminado","fora",IF(AND($C7<>"Conforme",$C7<>"N/A"),IF(OR(E7="Não Conforme",E7="Parcial"),"VP","FN"),IF(OR(E7="Não Conforme",E7="Parcial"),"FP","VN")))) -> VN | J7: =IF(E7="—","—",IF(AND($C7<>"Conforme",$C7<>"N/A"),IF(OR(E7="Não Conforme",E7="Parcial",E7="Indeterminado"),"VP","FN"),IF(OR(E7="Não Conforme",E7="Parcial",E7="Indeterminado"),"FP","VN"))) -> VN | K7: =IF(F7="—","—",IF($C7="Indeterminado","fora",IF(AND($C7<>"Conforme",$C7<>"N/A"),IF(OR(F7="Não Conforme",F7="Parcial"),"VP","FN"),IF(OR(F7="Não Conforme",F7="Parcial"),"FP","VN")))) -> VN | L7: =IF(F7="—","—",IF(AND($C7<>"Conforme",$C7<>"N/A"),IF(OR(F7="Não Conforme",F7="Parcial",F7="Indeterminado"),"VP","FN"),IF(OR(F7="Não Conforme",F7="Parcial",F7="Indeterminado"),"FP","VN"))) -> VN | M7: =IF(G7="—","—",IF($C7="Indeterminado","fora",IF(AND($C7<>"Conforme",$C7<>"N/A"),IF(OR(G7="Não Conforme",G7="Parcial"),"VP","FN"),IF(OR(G7="Não Conforme",G7="Parcial"),"FP","VN")))) -> VN | N7: =IF(G7="—","—",IF(AND($C7<>"Conforme",$C7<>"N/A"),IF(OR(G7="Não Conforme",G7="Parcial",G7="Indeterminado"),"VP","FN"),IF(OR(G7="Não Conforme",G7="Parcial",G7="Indeterminado"),"FP","VN"))) -> VN | O7: =IF(E7="—","—",IF(E7=$D7,1,0)) -> 1 | P7: =IF(F7="—","—",IF(F7=$D7,1,0)) -> 1 | Q7: =IF(G7="—","—",IF(G7=$D7,1,0)) -> 1
A8: B00 | B8: 7.5 | C8: Conforme | D8: Conforme | E8: Conforme | F8: Conforme | G8: Conforme | H8: 0 | I8: =IF(E8="—","—",IF($C8="Indeterminado","fora",IF(AND($C8<>"Conforme",$C8<>"N/A"),IF(OR(E8="Não Conforme",E8="Parcial"),"VP","FN"),IF(OR(E8="Não Conforme",E8="Parcial"),"FP","VN")))) -> VN | J8: =IF(E8="—","—",IF(AND($C8<>"Conforme",$C8<>"N/A"),IF(OR(E8="Não Conforme",E8="Parcial",E8="Indeterminado"),"VP","FN"),IF(OR(E8="Não Conforme",E8="Parcial",E8="Indeterminado"),"FP","VN"))) -> VN | K8: =IF(F8="—","—",IF($C8="Indeterminado","fora",IF(AND($C8<>"Conforme",$C8<>"N/A"),IF(OR(F8="Não Conforme",F8="Parcial"),"VP","FN"),IF(OR(F8="Não Conforme",F8="Parcial"),"FP","VN")))) -> VN | L8: =IF(F8="—","—",IF(AND($C8<>"Conforme",$C8<>"N/A"),IF(OR(F8="Não Conforme",F8="Parcial",F8="Indeterminado"),"VP","FN"),IF(OR(F8="Não Conforme",F8="Parcial",F8="Indeterminado"),"FP","VN"))) -> VN | M8: =IF(G8="—","—",IF($C8="Indeterminado","fora",IF(AND($C8<>"Conforme",$C8<>"N/A"),IF(OR(G8="Não Conforme",G8="Parcial"),"VP","FN"),IF(OR(G8="Não Conforme",G8="Parcial"),"FP","VN")))) -> VN | N8: =IF(G8="—","—",IF(AND($C8<>"Conforme",$C8<>"N/A"),IF(OR(G8="Não Conforme",G8="Parcial",G8="Indeterminado"),"VP","FN"),IF(OR(G8="Não Conforme",G8="Parcial",G8="Indeterminado"),"FP","VN"))) -> VN | O8: =IF(E8="—","—",IF(E8=$D8,1,0)) -> 1 | P8: =IF(F8="—","—",IF(F8=$D8,1,0)) -> 1 | Q8: =IF(G8="—","—",IF(G8=$D8,1,0)) -> 1
A9: B00 | B9: 7.7.2.1 | C9: Conforme | D9: Conforme | E9: Conforme | F9: Não Conforme | G9: Conforme | H9: 0 | I9: =IF(E9="—","—",IF($C9="Indeterminado","fora",IF(AND($C9<>"Conforme",$C9<>"N/A"),IF(OR(E9="Não Conforme",E9="Parcial"),"VP","FN"),IF(OR(E9="Não Conforme",E9="Parcial"),"FP","VN")))) -> VN | J9: =IF(E9="—","—",IF(AND($C9<>"Conforme",$C9<>"N/A"),IF(OR(E9="Não Conforme",E9="Parcial",E9="Indeterminado"),"VP","FN"),IF(OR(E9="Não Conforme",E9="Parcial",E9="Indeterminado"),"FP","VN"))) -> VN | K9: =IF(F9="—","—",IF($C9="Indeterminado","fora",IF(AND($C9<>"Conforme",$C9<>"N/A"),IF(OR(F9="Não Conforme",F9="Parcial"),"VP","FN"),IF(OR(F9="Não Conforme",F9="Parcial"),"FP","VN")))) -> FP | L9: =IF(F9="—","—",IF(AND($C9<>"Conforme",$C9<>"N/A"),IF(OR(F9="Não Conforme",F9="Parcial",F9="Indeterminado"),"VP","FN"),IF(OR(F9="Não Conforme",F9="Parcial",F9="Indeterminado"),"FP","VN"))) -> FP | M9: =IF(G9="—","—",IF($C9="Indeterminado","fora",IF(AND($C9<>"Conforme",$C9<>"N/A"),IF(OR(G9="Não Conforme",G9="Parcial"),"VP","FN"),IF(OR(G9="Não Conforme",G9="Parcial"),"FP","VN")))) -> VN | N9: =IF(G9="—","—",IF(AND($C9<>"Conforme",$C9<>"N/A"),IF(OR(G9="Não Conforme",G9="Parcial",G9="Indeterminado"),"VP","FN"),IF(OR(G9="Não Conforme",G9="Parcial",G9="Indeterminado"),"FP","VN"))) -> VN | O9: =IF(E9="—","—",IF(E9=$D9,1,0)) -> 1 | P9: =IF(F9="—","—",IF(F9=$D9,1,0)) -> 0 | Q9: =IF(G9="—","—",IF(G9=$D9,1,0)) -> 1
A10: B00 | B10: 7.7.1 | C10: Conforme | D10: Conforme | E10: — | F10: Conforme | G10: Conforme | H10: 0 | I10: =IF(E10="—","—",IF($C10="Indeterminado","fora",IF(AND($C10<>"Conforme",$C10<>"N/A"),IF(OR(E10="Não Conforme",E10="Parcial"),"VP","FN"),IF(OR(E10="Não Conforme",E10="Parcial"),"FP","VN")))) -> — | J10: =IF(E10="—","—",IF(AND($C10<>"Conforme",$C10<>"N/A"),IF(OR(E10="Não Conforme",E10="Parcial",E10="Indeterminado"),"VP","FN"),IF(OR(E10="Não Conforme",E10="Parcial",E10="Indeterminado"),"FP","VN"))) -> — | K10: =IF(F10="—","—",IF($C10="Indeterminado","fora",IF(AND($C10<>"Conforme",$C10<>"N/A"),IF(OR(F10="Não Conforme",F10="Parcial"),"VP","FN"),IF(OR(F10="Não Conforme",F10="Parcial"),"FP","VN")))) -> VN | L10: =IF(F10="—","—",IF(AND($C10<>"Conforme",$C10<>"N/A"),IF(OR(F10="Não Conforme",F10="Parcial",F10="Indeterminado"),"VP","FN"),IF(OR(F10="Não Conforme",F10="Parcial",F10="Indeterminado"),"FP","VN"))) -> VN | M10: =IF(G10="—","—",IF($C10="Indeterminado","fora",IF(AND($C10<>"Conforme",$C10<>"N/A"),IF(OR(G10="Não Conforme",G10="Parcial"),"VP","FN"),IF(OR(G10="Não Conforme",G10="Parcial"),"FP","VN")))) -> VN | N10: =IF(G10="—","—",IF(AND($C10<>"Conforme",$C10<>"N/A"),IF(OR(G10="Não Conforme",G10="Parcial",G10="Indeterminado"),"VP","FN"),IF(OR(G10="Não Conforme",G10="Parcial",G10="Indeterminado"),"FP","VN"))) -> VN | O10: =IF(E10="—","—",IF(E10=$D10,1,0)) -> — | P10: =IF(F10="—","—",IF(F10=$D10,1,0)) -> 1 | Q10: =IF(G10="—","—",IF(G10=$D10,1,0)) -> 1
A11: B00 | B11: 4.6.6 | C11: Conforme | D11: Conforme | E11: Conforme | F11: Indeterminado | G11: Conforme | H11: 0 | I11: =IF(E11="—","—",IF($C11="Indeterminado","fora",IF(AND($C11<>"Conforme",$C11<>"N/A"),IF(OR(E11="Não Conforme",E11="Parcial"),"VP","FN"),IF(OR(E11="Não Conforme",E11="Parcial"),"FP","VN")))) -> VN | J11: =IF(E11="—","—",IF(AND($C11<>"Conforme",$C11<>"N/A"),IF(OR(E11="Não Conforme",E11="Parcial",E11="Indeterminado"),"VP","FN"),IF(OR(E11="Não Conforme",E11="Parcial",E11="Indeterminado"),"FP","VN"))) -> VN | K11: =IF(F11="—","—",IF($C11="Indeterminado","fora",IF(AND($C11<>"Conforme",$C11<>"N/A"),IF(OR(F11="Não Conforme",F11="Parcial"),"VP","FN"),IF(OR(F11="Não Conforme",F11="Parcial"),"FP","VN")))) -> VN | L11: =IF(F11="—","—",IF(AND($C11<>"Conforme",$C11<>"N/A"),IF(OR(F11="Não Conforme",F11="Parcial",F11="Indeterminado"),"VP","FN"),IF(OR(F11="Não Conforme",F11="Parcial",F11="Indeterminado"),"FP","VN"))) -> FP | M11: =IF(G11="—","—",IF($C11="Indeterminado","fora",IF(AND($C11<>"Conforme",$C11<>"N/A"),IF(OR(G11="Não Conforme",G11="Parcial"),"VP","FN"),IF(OR(G11="Não Conforme",G11="Parcial"),"FP","VN")))) -> VN | N11: =IF(G11="—","—",IF(AND($C11<>"Conforme",$C11<>"N/A"),IF(OR(G11="Não Conforme",G11="Parcial",G11="Indeterminado"),"VP","FN"),IF(OR(G11="Não Conforme",G11="Parcial",G11="Indeterminado"),"FP","VN"))) -> VN | O11: =IF(E11="—","—",IF(E11=$D11,1,0)) -> 1 | P11: =IF(F11="—","—",IF(F11=$D11,1,0)) -> 0 | Q11: =IF(G11="—","—",IF(G11=$D11,1,0)) -> 1
A12: B00 | B12: 7.6-7.8 | C12: Conforme | D12: Conforme | E12: Conforme | F12: Parcial | G12: Conforme | H12: 0 | I12: =IF(E12="—","—",IF($C12="Indeterminado","fora",IF(AND($C12<>"Conforme",$C12<>"N/A"),IF(OR(E12="Não Conforme",E12="Parcial"),"VP","FN"),IF(OR(E12="Não Conforme",E12="Parcial"),"FP","VN")))) -> VN | J12: =IF(E12="—","—",IF(AND($C12<>"Conforme",$C12<>"N/A"),IF(OR(E12="Não Conforme",E12="Parcial",E12="Indeterminado"),"VP","FN"),IF(OR(E12="Não Conforme",E12="Parcial",E12="Indeterminado"),"FP","VN"))) -> VN | K12: =IF(F12="—","—",IF($C12="Indeterminado","fora",IF(AND($C12<>"Conforme",$C12<>"N/A"),IF(OR(F12="Não Conforme",F12="Parcial"),"VP","FN"),IF(OR(F12="Não Conforme",F12="Parcial"),"FP","VN")))) -> FP | L12: =IF(F12="—","—",IF(AND($C12<>"Conforme",$C12<>"N/A"),IF(OR(F12="Não Conforme",F12="Parcial",F12="Indeterminado"),"VP","FN"),IF(OR(F12="Não Conforme",F12="Parcial",F12="Indeterminado"),"FP","VN"))) -> FP | M12: =IF(G12="—","—",IF($C12="Indeterminado","fora",IF(AND($C12<>"Conforme",$C12<>"N/A"),IF(OR(G12="Não Conforme",G12="Parcial"),"VP","FN"),IF(OR(G12="Não Conforme",G12="Parcial"),"FP","VN")))) -> VN | N12: =IF(G12="—","—",IF(AND($C12<>"Conforme",$C12<>"N/A"),IF(OR(G12="Não Conforme",G12="Parcial",G12="Indeterminado"),"VP","FN"),IF(OR(G12="Não Conforme",G12="Parcial",G12="Indeterminado"),"FP","VN"))) -> VN | O12: =IF(E12="—","—",IF(E12=$D12,1,0)) -> 1 | P12: =IF(F12="—","—",IF(F12=$D12,1,0)) -> 0 | Q12: =IF(G12="—","—",IF(G12=$D12,1,0)) -> 1
A13: B00 | B13: 7.8 | C13: Conforme | D13: Conforme | E13: Conforme | F13: Conforme | G13: Conforme | H13: 0 | I13: =IF(E13="—","—",IF($C13="Indeterminado","fora",IF(AND($C13<>"Conforme",$C13<>"N/A"),IF(OR(E13="Não Conforme",E13="Parcial"),"VP","FN"),IF(OR(E13="Não Conforme",E13="Parcial"),"FP","VN")))) -> VN | J13: =IF(E13="—","—",IF(AND($C13<>"Conforme",$C13<>"N/A"),IF(OR(E13="Não Conforme",E13="Parcial",E13="Indeterminado"),"VP","FN"),IF(OR(E13="Não Conforme",E13="Parcial",E13="Indeterminado"),"FP","VN"))) -> VN | K13: =IF(F13="—","—",IF($C13="Indeterminado","fora",IF(AND($C13<>"Conforme",$C13<>"N/A"),IF(OR(F13="Não Conforme",F13="Parcial"),"VP","FN"),IF(OR(F13="Não Conforme",F13="Parcial"),"FP","VN")))) -> VN | L13: =IF(F13="—","—",IF(AND($C13<>"Conforme",$C13<>"N/A"),IF(OR(F13="Não Conforme",F13="Parcial",F13="Indeterminado"),"VP","FN"),IF(OR(F13="Não Conforme",F13="Parcial",F13="Indeterminado"),"FP","VN"))) -> VN | M13: =IF(G13="—","—",IF($C13="Indeterminado","fora",IF(AND($C13<>"Conforme",$C13<>"N/A"),IF(OR(G13="Não Conforme",G13="Parcial"),"VP","FN"),IF(OR(G13="Não Conforme",G13="Parcial"),"FP","VN")))) -> VN | N13: =IF(G13="—","—",IF(AND($C13<>"Conforme",$C13<>"N/A"),IF(OR(G13="Não Conforme",G13="Parcial",G13="Indeterminado"),"VP","FN"),IF(OR(G13="Não Conforme",G13="Parcial",G13="Indeterminado"),"FP","VN"))) -> VN | O13: =IF(E13="—","—",IF(E13=$D13,1,0)) -> 1 | P13: =IF(F13="—","—",IF(F13=$D13,1,0)) -> 1 | Q13: =IF(G13="—","—",IF(G13=$D13,1,0)) -> 1
... A361: X02 | B361: 7.8 | C361: Conforme | D361: Conforme | E361: Conforme | F361: Conforme | G361: Conforme | H361: 0 | I361: =IF(E361="—","—",IF($C361="Indeterminado","fora",IF(AND($C361<>"Conforme",$C361<>"N/A"),IF(OR(E361="Não Conforme",E361="Parcial"),"VP","FN"),IF(OR(E361="Não Conforme",E361="Parcial"),"FP","VN")))) -> VN | J361: =IF(E361="—","—",IF(AND($C361<>"Conforme",$C361<>"N/A"),IF(OR(E361="Não Conforme",E361="Parcial",E361="Indeterminado"),"VP","FN"),IF(OR(E361="Não Conforme",E361="Parcial",E361="Indeterminado"),"FP","VN"))) -> VN | K361: =IF(F361="—","—",IF($C361="Indeterminado","fora",IF(AND($C361<>"Conforme",$C361<>"N/A"),IF(OR(F361="Não Conforme",F361="Parcial"),"VP","FN"),IF(OR(F361="Não Conforme",F361="Parcial"),"FP","VN")))) -> VN | L361: =IF(F361="—","—",IF(AND($C361<>"Conforme",$C361<>"N/A"),IF(OR(F361="Não Conforme",F361="Parcial",F361="Indeterminado"),"VP","FN"),IF(OR(F361="Não Conforme",F361="Parcial",F361="Indeterminado"),"FP","VN"))) -> VN | M361: =IF(G361="—","—",IF($C361="Indeterminado","fora",IF(AND($C361<>"Conforme",$C361<>"N/A"),IF(OR(G361="Não Conforme",G361="Parcial"),"VP","FN"),IF(OR(G361="Não Conforme",G361="Parcial"),"FP","VN")))) -> VN | N361: =IF(G361="—","—",IF(AND($C361<>"Conforme",$C361<>"N/A"),IF(OR(G361="Não Conforme",G361="Parcial",G361="Indeterminado"),"VP","FN"),IF(OR(G361="Não Conforme",G361="Parcial",G361="Indeterminado"),"FP","VN"))) -> VN | O361: =IF(E361="—","—",IF(E361=$D361,1,0)) -> 1 | P361: =IF(F361="—","—",IF(F361=$D361,1,0)) -> 1 | Q361: =IF(G361="—","—",IF(G361=$D361,1,0)) -> 1

Sheet Classificação v1
A1: Variante | B1: Item NBR | C1: Esperado (gabarito) | D1: Esperado (errata) | E1: Python | F1: LLM | G1: Final | H1: Sensib. W01 (1 = excluir) | I1: Python estrito | J1: Python amplo | K1: LLM estrito | L1: LLM amplo | M1: Final estrito | N1: Final amplo | O1: Python exato | P1: LLM exato | Q1: Final exato
A2: B00 | B2: 6.6 | C2: Conforme | D2: Conforme | E2: Conforme | F2: Não Conforme | G2: Conforme | H2: 0 | I2: =IF(E2="—","—",IF($C2="Indeterminado","fora",IF(AND($C2<>"Conforme",$C2<>"N/A"),IF(OR(E2="Não Conforme",E2="Parcial"),"VP","FN"),IF(OR(E2="Não Conforme",E2="Parcial"),"FP","VN")))) -> VN | J2: =IF(E2="—","—",IF(AND($C2<>"Conforme",$C2<>"N/A"),IF(OR(E2="Não Conforme",E2="Parcial",E2="Indeterminado"),"VP","FN"),IF(OR(E2="Não Conforme",E2="Parcial",E2="Indeterminado"),"FP","VN"))) -> VN | K2: =IF(F2="—","—",IF($C2="Indeterminado","fora",IF(AND($C2<>"Conforme",$C2<>"N/A"),IF(OR(F2="Não Conforme",F2="Parcial"),"VP","FN"),IF(OR(F2="Não Conforme",F2="Parcial"),"FP","VN")))) -> FP | L2: =IF(F2="—","—",IF(AND($C2<>"Conforme",$C2<>"N/A"),IF(OR(F2="Não Conforme",F2="Parcial",F2="Indeterminado"),"VP","FN"),IF(OR(F2="Não Conforme",F2="Parcial",F2="Indeterminado"),"FP","VN"))) -> FP | M2: =IF(G2="—","—",IF($C2="Indeterminado","fora",IF(AND($C2<>"Conforme",$C2<>"N/A"),IF(OR(G2="Não Conforme",G2="Parcial"),"VP","FN"),IF(OR(G2="Não Conforme",G2="Parcial"),"FP","VN")))) -> VN | N2: =IF(G2="—","—",IF(AND($C2<>"Conforme",$C2<>"N/A"),IF(OR(G2="Não Conforme",G2="Parcial",G2="Indeterminado"),"VP","FN"),IF(OR(G2="Não Conforme",G2="Parcial",G2="Indeterminado"),"FP","VN"))) -> VN | O2: =IF(E2="—","—",IF(E2=$D2,1,0)) -> 1 | P2: =IF(F2="—","—",IF(F2=$D2,1,0)) -> 0 | Q2: =IF(G2="—","—",IF(G2=$D2,1,0)) -> 1
A3: B00 | B3: 6.11.1 | C3: Conforme | D3: Conforme | E3: Conforme | F3: Conforme | G3: Conforme | H3: 0 | I3: =IF(E3="—","—",IF($C3="Indeterminado","fora",IF(AND($C3<>"Conforme",$C3<>"N/A"),IF(OR(E3="Não Conforme",E3="Parcial"),"VP","FN"),IF(OR(E3="Não Conforme",E3="Parcial"),"FP","VN")))) -> VN | J3: =IF(E3="—","—",IF(AND($C3<>"Conforme",$C3<>"N/A"),IF(OR(E3="Não Conforme",E3="Parcial",E3="Indeterminado"),"VP","FN"),IF(OR(E3="Não Conforme",E3="Parcial",E3="Indeterminado"),"FP","VN"))) -> VN | K3: =IF(F3="—","—",IF($C3="Indeterminado","fora",IF(AND($C3<>"Conforme",$C3<>"N/A"),IF(OR(F3="Não Conforme",F3="Parcial"),"VP","FN"),IF(OR(F3="Não Conforme",F3="Parcial"),"FP","VN")))) -> VN | L3: =IF(F3="—","—",IF(AND($C3<>"Conforme",$C3<>"N/A"),IF(OR(F3="Não Conforme",F3="Parcial",F3="Indeterminado"),"VP","FN"),IF(OR(F3="Não Conforme",F3="Parcial",F3="Indeterminado"),"FP","VN"))) -> VN | M3: =IF(G3="—","—",IF($C3="Indeterminado","fora",IF(AND($C3<>"Conforme",$C3<>"N/A"),IF(OR(G3="Não Conforme",G3="Parcial"),"VP","FN"),IF(OR(G3="Não Conforme",G3="Parcial"),"FP","VN")))) -> VN | N3: =IF(G3="—","—",IF(AND($C3<>"Conforme",$C3<>"N/A"),IF(OR(G3="Não Conforme",G3="Parcial",G3="Indeterminado"),"VP","FN"),IF(OR(G3="Não Conforme",G3="Parcial",G3="Indeterminado"),"FP","VN"))) -> VN | O3: =IF(E3="—","—",IF(E3=$D3,1,0)) -> 1 | P3: =IF(F3="—","—",IF(F3=$D3,1,0)) -> 1 | Q3: =IF(G3="—","—",IF(G3=$D3,1,0)) -> 1
A4: B00 | B4: 6.11.2 | C4: Conforme | D4: Conforme | E4: Conforme | F4: Conforme | G4: Conforme | H4: 0 | I4: =IF(E4="—","—",IF($C4="Indeterminado","fora",IF(AND($C4<>"Conforme",$C4<>"N/A"),IF(OR(E4="Não Conforme",E4="Parcial"),"VP","FN"),IF(OR(E4="Não Conforme",E4="Parcial"),"FP","VN")))) -> VN | J4: =IF(E4="—","—",IF(AND($C4<>"Conforme",$C4<>"N/A"),IF(OR(E4="Não Conforme",E4="Parcial",E4="Indeterminado"),"VP","FN"),IF(OR(E4="Não Conforme",E4="Parcial",E4="Indeterminado"),"FP","VN"))) -> VN | K4: =IF(F4="—","—",IF($C4="Indeterminado","fora",IF(AND($C4<>"Conforme",$C4<>"N/A"),IF(OR(F4="Não Conforme",F4="Parcial"),"VP","FN"),IF(OR(F4="Não Conforme",F4="Parcial"),"FP","VN")))) -> VN | L4: =IF(F4="—","—",IF(AND($C4<>"Conforme",$C4<>"N/A"),IF(OR(F4="Não Conforme",F4="Parcial",F4="Indeterminado"),"VP","FN"),IF(OR(F4="Não Conforme",F4="Parcial",F4="Indeterminado"),"FP","VN"))) -> VN | M4: =IF(G4="—","—",IF($C4="Indeterminado","fora",IF(AND($C4<>"Conforme",$C4<>"N/A"),IF(OR(G4="Não Conforme",G4="Parcial"),"VP","FN"),IF(OR(G4="Não Conforme",G4="Parcial"),"FP","VN")))) -> VN | N4: =IF(G4="—","—",IF(AND($C4<>"Conforme",$C4<>"N/A"),IF(OR(G4="Não Conforme",G4="Parcial",G4="Indeterminado"),"VP","FN"),IF(OR(G4="Não Conforme",G4="Parcial",G4="Indeterminado"),"FP","VN"))) -> VN | O4: =IF(E4="—","—",IF(E4=$D4,1,0)) -> 1 | P4: =IF(F4="—","—",IF(F4=$D4,1,0)) -> 1 | Q4: =IF(G4="—","—",IF(G4=$D4,1,0)) -> 1
A5: B00 | B5: 6.11.3 | C5: Conforme | D5: Conforme | E5: Conforme | F5: Conforme | G5: Conforme | H5: 0 | I5: =IF(E5="—","—",IF($C5="Indeterminado","fora",IF(AND($C5<>"Conforme",$C5<>"N/A"),IF(OR(E5="Não Conforme",E5="Parcial"),"VP","FN"),IF(OR(E5="Não Conforme",E5="Parcial"),"FP","VN")))) -> VN | J5: =IF(E5="—","—",IF(AND($C5<>"Conforme",$C5<>"N/A"),IF(OR(E5="Não Conforme",E5="Parcial",E5="Indeterminado"),"VP","FN"),IF(OR(E5="Não Conforme",E5="Parcial",E5="Indeterminado"),"FP","VN"))) -> VN | K5: =IF(F5="—","—",IF($C5="Indeterminado","fora",IF(AND($C5<>"Conforme",$C5<>"N/A"),IF(OR(F5="Não Conforme",F5="Parcial"),"VP","FN"),IF(OR(F5="Não Conforme",F5="Parcial"),"FP","VN")))) -> VN | L5: =IF(F5="—","—",IF(AND($C5<>"Conforme",$C5<>"N/A"),IF(OR(F5="Não Conforme",F5="Parcial",F5="Indeterminado"),"VP","FN"),IF(OR(F5="Não Conforme",F5="Parcial",F5="Indeterminado"),"FP","VN"))) -> VN | M5: =IF(G5="—","—",IF($C5="Indeterminado","fora",IF(AND($C5<>"Conforme",$C5<>"N/A"),IF(OR(G5="Não Conforme",G5="Parcial"),"VP","FN"),IF(OR(G5="Não Conforme",G5="Parcial"),"FP","VN")))) -> VN | N5: =IF(G5="—","—",IF(AND($C5<>"Conforme",$C5<>"N/A"),IF(OR(G5="Não Conforme",G5="Parcial",G5="Indeterminado"),"VP","FN"),IF(OR(G5="Não Conforme",G5="Parcial",G5="Indeterminado"),"FP","VN"))) -> VN | O5: =IF(E5="—","—",IF(E5=$D5,1,0)) -> 1 | P5: =IF(F5="—","—",IF(F5=$D5,1,0)) -> 1 | Q5: =IF(G5="—","—",IF(G5=$D5,1,0)) -> 1
A6: B00 | B6: 5.4.3 | C6: Conforme | D6: Conforme | E6: Conforme | F6: Conforme | G6: Conforme | H6: 0 | I6: =IF(E6="—","—",IF($C6="Indeterminado","fora",IF(AND($C6<>"Conforme",$C6<>"N/A"),IF(OR(E6="Não Conforme",E6="Parcial"),"VP","FN"),IF(OR(E6="Não Conforme",E6="Parcial"),"FP","VN")))) -> VN | J6: =IF(E6="—","—",IF(AND($C6<>"Conforme",$C6<>"N/A"),IF(OR(E6="Não Conforme",E6="Parcial",E6="Indeterminado"),"VP","FN"),IF(OR(E6="Não Conforme",E6="Parcial",E6="Indeterminado"),"FP","VN"))) -> VN | K6: =IF(F6="—","—",IF($C6="Indeterminado","fora",IF(AND($C6<>"Conforme",$C6<>"N/A"),IF(OR(F6="Não Conforme",F6="Parcial"),"VP","FN"),IF(OR(F6="Não Conforme",F6="Parcial"),"FP","VN")))) -> VN | L6: =IF(F6="—","—",IF(AND($C6<>"Conforme",$C6<>"N/A"),IF(OR(F6="Não Conforme",F6="Parcial",F6="Indeterminado"),"VP","FN"),IF(OR(F6="Não Conforme",F6="Parcial",F6="Indeterminado"),"FP","VN"))) -> VN | M6: =IF(G6="—","—",IF($C6="Indeterminado","fora",IF(AND($C6<>"Conforme",$C6<>"N/A"),IF(OR(G6="Não Conforme",G6="Parcial"),"VP","FN"),IF(OR(G6="Não Conforme",G6="Parcial"),"FP","VN")))) -> VN | N6: =IF(G6="—","—",IF(AND($C6<>"Conforme",$C6<>"N/A"),IF(OR(G6="Não Conforme",G6="Parcial",G6="Indeterminado"),"VP","FN"),IF(OR(G6="Não Conforme",G6="Parcial",G6="Indeterminado"),"FP","VN"))) -> VN | O6: =IF(E6="—","—",IF(E6=$D6,1,0)) -> 1 | P6: =IF(F6="—","—",IF(F6=$D6,1,0)) -> 1 | Q6: =IF(G6="—","—",IF(G6=$D6,1,0)) -> 1
A7: B00 | B7: 6.3.4 | C7: Conforme | D7: Conforme | E7: Conforme | F7: Conforme | G7: Conforme | H7: 0 | I7: =IF(E7="—","—",IF($C7="Indeterminado","fora",IF(AND($C7<>"Conforme",$C7<>"N/A"),IF(OR(E7="Não Conforme",E7="Parcial"),"VP","FN"),IF(OR(E7="Não Conforme",E7="Parcial"),"FP","VN")))) -> VN | J7: =IF(E7="—","—",IF(AND($C7<>"Conforme",$C7<>"N/A"),IF(OR(E7="Não Conforme",E7="Parcial",E7="Indeterminado"),"VP","FN"),IF(OR(E7="Não Conforme",E7="Parcial",E7="Indeterminado"),"FP","VN"))) -> VN | K7: =IF(F7="—","—",IF($C7="Indeterminado","fora",IF(AND($C7<>"Conforme",$C7<>"N/A"),IF(OR(F7="Não Conforme",F7="Parcial"),"VP","FN"),IF(OR(F7="Não Conforme",F7="Parcial"),"FP","VN")))) -> VN | L7: =IF(F7="—","—",IF(AND($C7<>"Conforme",$C7<>"N/A"),IF(OR(F7="Não Conforme",F7="Parcial",F7="Indeterminado"),"VP","FN"),IF(OR(F7="Não Conforme",F7="Parcial",F7="Indeterminado"),"FP","VN"))) -> VN | M7: =IF(G7="—","—",IF($C7="Indeterminado","fora",IF(AND($C7<>"Conforme",$C7<>"N/A"),IF(OR(G7="Não Conforme",G7="Parcial"),"VP","FN"),IF(OR(G7="Não Conforme",G7="Parcial"),"FP","VN")))) -> VN | N7: =IF(G7="—","—",IF(AND($C7<>"Conforme",$C7<>"N/A"),IF(OR(G7="Não Conforme",G7="Parcial",G7="Indeterminado"),"VP","FN"),IF(OR(G7="Não Conforme",G7="Parcial",G7="Indeterminado"),"FP","VN"))) -> VN | O7: =IF(E7="—","—",IF(E7=$D7,1,0)) -> 1 | P7: =IF(F7="—","—",IF(F7=$D7,1,0)) -> 1 | Q7: =IF(G7="—","—",IF(G7=$D7,1,0)) -> 1
A8: B00 | B8: 7.5 | C8: Conforme | D8: Conforme | E8: Conforme | F8: Conforme | G8: Conforme | H8: 0 | I8: =IF(E8="—","—",IF($C8="Indeterminado","fora",IF(AND($C8<>"Conforme",$C8<>"N/A"),IF(OR(E8="Não Conforme",E8="Parcial"),"VP","FN"),IF(OR(E8="Não Conforme",E8="Parcial"),"FP","VN")))) -> VN | J8: =IF(E8="—","—",IF(AND($C8<>"Conforme",$C8<>"N/A"),IF(OR(E8="Não Conforme",E8="Parcial",E8="Indeterminado"),"VP","FN"),IF(OR(E8="Não Conforme",E8="Parcial",E8="Indeterminado"),"FP","VN"))) -> VN | K8: =IF(F8="—","—",IF($C8="Indeterminado","fora",IF(AND($C8<>"Conforme",$C8<>"N/A"),IF(OR(F8="Não Conforme",F8="Parcial"),"VP","FN"),IF(OR(F8="Não Conforme",F8="Parcial"),"FP","VN")))) -> VN | L8: =IF(F8="—","—",IF(AND($C8<>"Conforme",$C8<>"N/A"),IF(OR(F8="Não Conforme",F8="Parcial",F8="Indeterminado"),"VP","FN"),IF(OR(F8="Não Conforme",F8="Parcial",F8="Indeterminado"),"FP","VN"))) -> VN | M8: =IF(G8="—","—",IF($C8="Indeterminado","fora",IF(AND($C8<>"Conforme",$C8<>"N/A"),IF(OR(G8="Não Conforme",G8="Parcial"),"VP","FN"),IF(OR(G8="Não Conforme",G8="Parcial"),"FP","VN")))) -> VN | N8: =IF(G8="—","—",IF(AND($C8<>"Conforme",$C8<>"N/A"),IF(OR(G8="Não Conforme",G8="Parcial",G8="Indeterminado"),"VP","FN"),IF(OR(G8="Não Conforme",G8="Parcial",G8="Indeterminado"),"FP","VN"))) -> VN | O8: =IF(E8="—","—",IF(E8=$D8,1,0)) -> 1 | P8: =IF(F8="—","—",IF(F8=$D8,1,0)) -> 1 | Q8: =IF(G8="—","—",IF(G8=$D8,1,0)) -> 1
A9: B00 | B9: 7.7.2.1 | C9: Conforme | D9: Conforme | E9: Conforme | F9: Não Conforme | G9: Conforme | H9: 0 | I9: =IF(E9="—","—",IF($C9="Indeterminado","fora",IF(AND($C9<>"Conforme",$C9<>"N/A"),IF(OR(E9="Não Conforme",E9="Parcial"),"VP","FN"),IF(OR(E9="Não Conforme",E9="Parcial"),"FP","VN")))) -> VN | J9: =IF(E9="—","—",IF(AND($C9<>"Conforme",$C9<>"N/A"),IF(OR(E9="Não Conforme",E9="Parcial",E9="Indeterminado"),"VP","FN"),IF(OR(E9="Não Conforme",E9="Parcial",E9="Indeterminado"),"FP","VN"))) -> VN | K9: =IF(F9="—","—",IF($C9="Indeterminado","fora",IF(AND($C9<>"Conforme",$C9<>"N/A"),IF(OR(F9="Não Conforme",F9="Parcial"),"VP","FN"),IF(OR(F9="Não Conforme",F9="Parcial"),"FP","VN")))) -> FP | L9: =IF(F9="—","—",IF(AND($C9<>"Conforme",$C9<>"N/A"),IF(OR(F9="Não Conforme",F9="Parcial",F9="Indeterminado"),"VP","FN"),IF(OR(F9="Não Conforme",F9="Parcial",F9="Indeterminado"),"FP","VN"))) -> FP | M9: =IF(G9="—","—",IF($C9="Indeterminado","fora",IF(AND($C9<>"Conforme",$C9<>"N/A"),IF(OR(G9="Não Conforme",G9="Parcial"),"VP","FN"),IF(OR(G9="Não Conforme",G9="Parcial"),"FP","VN")))) -> VN | N9: =IF(G9="—","—",IF(AND($C9<>"Conforme",$C9<>"N/A"),IF(OR(G9="Não Conforme",G9="Parcial",G9="Indeterminado"),"VP","FN"),IF(OR(G9="Não Conforme",G9="Parcial",G9="Indeterminado"),"FP","VN"))) -> VN | O9: =IF(E9="—","—",IF(E9=$D9,1,0)) -> 1 | P9: =IF(F9="—","—",IF(F9=$D9,1,0)) -> 0 | Q9: =IF(G9="—","—",IF(G9=$D9,1,0)) -> 1
A10: B00 | B10: 7.7.1 | C10: Conforme | D10: Conforme | E10: — | F10: Conforme | G10: Conforme | H10: 0 | I10: =IF(E10="—","—",IF($C10="Indeterminado","fora",IF(AND($C10<>"Conforme",$C10<>"N/A"),IF(OR(E10="Não Conforme",E10="Parcial"),"VP","FN"),IF(OR(E10="Não Conforme",E10="Parcial"),"FP","VN")))) -> — | J10: =IF(E10="—","—",IF(AND($C10<>"Conforme",$C10<>"N/A"),IF(OR(E10="Não Conforme",E10="Parcial",E10="Indeterminado"),"VP","FN"),IF(OR(E10="Não Conforme",E10="Parcial",E10="Indeterminado"),"FP","VN"))) -> — | K10: =IF(F10="—","—",IF($C10="Indeterminado","fora",IF(AND($C10<>"Conforme",$C10<>"N/A"),IF(OR(F10="Não Conforme",F10="Parcial"),"VP","FN"),IF(OR(F10="Não Conforme",F10="Parcial"),"FP","VN")))) -> VN | L10: =IF(F10="—","—",IF(AND($C10<>"Conforme",$C10<>"N/A"),IF(OR(F10="Não Conforme",F10="Parcial",F10="Indeterminado"),"VP","FN"),IF(OR(F10="Não Conforme",F10="Parcial",F10="Indeterminado"),"FP","VN"))) -> VN | M10: =IF(G10="—","—",IF($C10="Indeterminado","fora",IF(AND($C10<>"Conforme",$C10<>"N/A"),IF(OR(G10="Não Conforme",G10="Parcial"),"VP","FN"),IF(OR(G10="Não Conforme",G10="Parcial"),"FP","VN")))) -> VN | N10: =IF(G10="—","—",IF(AND($C10<>"Conforme",$C10<>"N/A"),IF(OR(G10="Não Conforme",G10="Parcial",G10="Indeterminado"),"VP","FN"),IF(OR(G10="Não Conforme",G10="Parcial",G10="Indeterminado"),"FP","VN"))) -> VN | O10: =IF(E10="—","—",IF(E10=$D10,1,0)) -> — | P10: =IF(F10="—","—",IF(F10=$D10,1,0)) -> 1 | Q10: =IF(G10="—","—",IF(G10=$D10,1,0)) -> 1
A11: B00 | B11: 4.6.6 | C11: Conforme | D11: Conforme | E11: Conforme | F11: Indeterminado | G11: Conforme | H11: 0 | I11: =IF(E11="—","—",IF($C11="Indeterminado","fora",IF(AND($C11<>"Conforme",$C11<>"N/A"),IF(OR(E11="Não Conforme",E11="Parcial"),"VP","FN"),IF(OR(E11="Não Conforme",E11="Parcial"),"FP","VN")))) -> VN | J11: =IF(E11="—","—",IF(AND($C11<>"Conforme",$C11<>"N/A"),IF(OR(E11="Não Conforme",E11="Parcial",E11="Indeterminado"),"VP","FN"),IF(OR(E11="Não Conforme",E11="Parcial",E11="Indeterminado"),"FP","VN"))) -> VN | K11: =IF(F11="—","—",IF($C11="Indeterminado","fora",IF(AND($C11<>"Conforme",$C11<>"N/A"),IF(OR(F11="Não Conforme",F11="Parcial"),"VP","FN"),IF(OR(F11="Não Conforme",F11="Parcial"),"FP","VN")))) -> VN | L11: =IF(F11="—","—",IF(AND($C11<>"Conforme",$C11<>"N/A"),IF(OR(F11="Não Conforme",F11="Parcial",F11="Indeterminado"),"VP","FN"),IF(OR(F11="Não Conforme",F11="Parcial",F11="Indeterminado"),"FP","VN"))) -> FP | M11: =IF(G11="—","—",IF($C11="Indeterminado","fora",IF(AND($C11<>"Conforme",$C11<>"N/A"),IF(OR(G11="Não Conforme",G11="Parcial"),"VP","FN"),IF(OR(G11="Não Conforme",G11="Parcial"),"FP","VN")))) -> VN | N11: =IF(G11="—","—",IF(AND($C11<>"Conforme",$C11<>"N/A"),IF(OR(G11="Não Conforme",G11="Parcial",G11="Indeterminado"),"VP","FN"),IF(OR(G11="Não Conforme",G11="Parcial",G11="Indeterminado"),"FP","VN"))) -> VN | O11: =IF(E11="—","—",IF(E11=$D11,1,0)) -> 1 | P11: =IF(F11="—","—",IF(F11=$D11,1,0)) -> 0 | Q11: =IF(G11="—","—",IF(G11=$D11,1,0)) -> 1
A12: B00 | B12: 7.6-7.8 | C12: Conforme | D12: Conforme | E12: Conforme | F12: Parcial | G12: Conforme | H12: 0 | I12: =IF(E12="—","—",IF($C12="Indeterminado","fora",IF(AND($C12<>"Conforme",$C12<>"N/A"),IF(OR(E12="Não Conforme",E12="Parcial"),"VP","FN"),IF(OR(E12="Não Conforme",E12="Parcial"),"FP","VN")))) -> VN | J12: =IF(E12="—","—",IF(AND($C12<>"Conforme",$C12<>"N/A"),IF(OR(E12="Não Conforme",E12="Parcial",E12="Indeterminado"),"VP","FN"),IF(OR(E12="Não Conforme",E12="Parcial",E12="Indeterminado"),"FP","VN"))) -> VN | K12: =IF(F12="—","—",IF($C12="Indeterminado","fora",IF(AND($C12<>"Conforme",$C12<>"N/A"),IF(OR(F12="Não Conforme",F12="Parcial"),"VP","FN"),IF(OR(F12="Não Conforme",F12="Parcial"),"FP","VN")))) -> FP | L12: =IF(F12="—","—",IF(AND($C12<>"Conforme",$C12<>"N/A"),IF(OR(F12="Não Conforme",F12="Parcial",F12="Indeterminado"),"VP","FN"),IF(OR(F12="Não Conforme",F12="Parcial",F12="Indeterminado"),"FP","VN"))) -> FP | M12: =IF(G12="—","—",IF($C12="Indeterminado","fora",IF(AND($C12<>"Conforme",$C12<>"N/A"),IF(OR(G12="Não Conforme",G12="Parcial"),"VP","FN"),IF(OR(G12="Não Conforme",G12="Parcial"),"FP","VN")))) -> VN | N12: =IF(G12="—","—",IF(AND($C12<>"Conforme",$C12<>"N/A"),IF(OR(G12="Não Conforme",G12="Parcial",G12="Indeterminado"),"VP","FN"),IF(OR(G12="Não Conforme",G12="Parcial",G12="Indeterminado"),"FP","VN"))) -> VN | O12: =IF(E12="—","—",IF(E12=$D12,1,0)) -> 1 | P12: =IF(F12="—","—",IF(F12=$D12,1,0)) -> 0 | Q12: =IF(G12="—","—",IF(G12=$D12,1,0)) -> 1
A13: B00 | B13: 7.8 | C13: Conforme | D13: Conforme | E13: Conforme | F13: Conforme | G13: Conforme | H13: 0 | I13: =IF(E13="—","—",IF($C13="Indeterminado","fora",IF(AND($C13<>"Conforme",$C13<>"N/A"),IF(OR(E13="Não Conforme",E13="Parcial"),"VP","FN"),IF(OR(E13="Não Conforme",E13="Parcial"),"FP","VN")))) -> VN | J13: =IF(E13="—","—",IF(AND($C13<>"Conforme",$C13<>"N/A"),IF(OR(E13="Não Conforme",E13="Parcial",E13="Indeterminado"),"VP","FN"),IF(OR(E13="Não Conforme",E13="Parcial",E13="Indeterminado"),"FP","VN"))) -> VN | K13: =IF(F13="—","—",IF($C13="Indeterminado","fora",IF(AND($C13<>"Conforme",$C13<>"N/A"),IF(OR(F13="Não Conforme",F13="Parcial"),"VP","FN"),IF(OR(F13="Não Conforme",F13="Parcial"),"FP","VN")))) -> VN | L13: =IF(F13="—","—",IF(AND($C13<>"Conforme",$C13<>"N/A"),IF(OR(F13="Não Conforme",F13="Parcial",F13="Indeterminado"),"VP","FN"),IF(OR(F13="Não Conforme",F13="Parcial",F13="Indeterminado"),"FP","VN"))) -> VN | M13: =IF(G13="—","—",IF($C13="Indeterminado","fora",IF(AND($C13<>"Conforme",$C13<>"N/A"),IF(OR(G13="Não Conforme",G13="Parcial"),"VP","FN"),IF(OR(G13="Não Conforme",G13="Parcial"),"FP","VN")))) -> VN | N13: =IF(G13="—","—",IF(AND($C13<>"Conforme",$C13<>"N/A"),IF(OR(G13="Não Conforme",G13="Parcial",G13="Indeterminado"),"VP","FN"),IF(OR(G13="Não Conforme",G13="Parcial",G13="Indeterminado"),"FP","VN"))) -> VN | O13: =IF(E13="—","—",IF(E13=$D13,1,0)) -> 1 | P13: =IF(F13="—","—",IF(F13=$D13,1,0)) -> 1 | Q13: =IF(G13="—","—",IF(G13=$D13,1,0)) -> 1
... A361: X02 | B361: 7.8 | C361: Conforme | D361: Conforme | E361: Conforme | F361: Conforme | G361: Conforme | H361: 0 | I361: =IF(E361="—","—",IF($C361="Indeterminado","fora",IF(AND($C361<>"Conforme",$C361<>"N/A"),IF(OR(E361="Não Conforme",E361="Parcial"),"VP","FN"),IF(OR(E361="Não Conforme",E361="Parcial"),"FP","VN")))) -> VN | J361: =IF(E361="—","—",IF(AND($C361<>"Conforme",$C361<>"N/A"),IF(OR(E361="Não Conforme",E361="Parcial",E361="Indeterminado"),"VP","FN"),IF(OR(E361="Não Conforme",E361="Parcial",E361="Indeterminado"),"FP","VN"))) -> VN | K361: =IF(F361="—","—",IF($C361="Indeterminado","fora",IF(AND($C361<>"Conforme",$C361<>"N/A"),IF(OR(F361="Não Conforme",F361="Parcial"),"VP","FN"),IF(OR(F361="Não Conforme",F361="Parcial"),"FP","VN")))) -> VN | L361: =IF(F361="—","—",IF(AND($C361<>"Conforme",$C361<>"N/A"),IF(OR(F361="Não Conforme",F361="Parcial",F361="Indeterminado"),"VP","FN"),IF(OR(F361="Não Conforme",F361="Parcial",F361="Indeterminado"),"FP","VN"))) -> VN | M361: =IF(G361="—","—",IF($C361="Indeterminado","fora",IF(AND($C361<>"Conforme",$C361<>"N/A"),IF(OR(G361="Não Conforme",G361="Parcial"),"VP","FN"),IF(OR(G361="Não Conforme",G361="Parcial"),"FP","VN")))) -> VN | N361: =IF(G361="—","—",IF(AND($C361<>"Conforme",$C361<>"N/A"),IF(OR(G361="Não Conforme",G361="Parcial",G361="Indeterminado"),"VP","FN"),IF(OR(G361="Não Conforme",G361="Parcial",G361="Indeterminado"),"FP","VN"))) -> VN | O361: =IF(E361="—","—",IF(E361=$D361,1,0)) -> 1 | P361: =IF(F361="—","—",IF(F361=$D361,1,0)) -> 1 | Q361: =IF(G361="—","—",IF(G361=$D361,1,0)) -> 1

Sheet Gabarito
A1: Gabarito pré-registrado (gabarito.csv, commit acaa304) — não alterado
A3: variante | B3: nivel | C3: alteracao | D3: item_nbr | E3: status_esperado | F3: alterado | G3: efeito_colateral_esperado
A4: B00 | B4: base | C4: Modelo-base sem alteração | D4: 6.6 | E4: Conforme | F4: não
A5: B00 | B5: base | C5: Modelo-base sem alteração | D5: 6.11.1 | E5: Conforme | F5: não
A6: B00 | B6: base | C6: Modelo-base sem alteração | D6: 6.11.2 | E6: Conforme | F6: não
A7: B00 | B7: base | C7: Modelo-base sem alteração | D7: 6.11.3 | E7: Conforme | F7: não
A8: B00 | B8: base | C8: Modelo-base sem alteração | D8: 5.4.3 | E8: Conforme | F8: não
A9: B00 | B9: base | C9: Modelo-base sem alteração | D9: 6.3.4 | E9: Conforme | F9: não
A10: B00 | B10: base | C10: Modelo-base sem alteração | D10: 7.5 | E10: Conforme | F10: não
A11: B00 | B11: base | C11: Modelo-base sem alteração | D11: 7.7.2.1 | E11: Conforme | F11: não
A12: B00 | B12: base | C12: Modelo-base sem alteração | D12: 7.7.1 | E12: Conforme | F12: não
A13: B00 | B13: base | C13: Modelo-base sem alteração | D13: 4.6.6 | E13: Conforme | F13: não
A14: B00 | B14: base | C14: Modelo-base sem alteração | D14: 7.6-7.8 | E14: Conforme | F14: não
A15: B00 | B15: base | C15: Modelo-base sem alteração | D15: 7.8 | E15: Conforme | F15: não
... A202: S01 | B202: grosseiro | C202: Bacia +6 cm (borda 0,495 m) | D202: 7.5 | E202: Conforme | F202: não
A203: S01 | B203: grosseiro | C203: Bacia +6 cm (borda 0,495 m) | D203: 7.7.2.1 | E203: Não Conforme | F203: sim | G203: barra de fundo fica abaixo de 0,04 m da tampa
A204: S01 | B204: grosseiro | C204: Bacia +6 cm (borda 0,495 m) | D204: 7.7.1 | E204: Conforme | F204: não
A205: S01 | B205: grosseiro | C205: Bacia +6 cm (borda 0,495 m) | D205: 4.6.6 | E205: Conforme | F205: não
A206: S01 | B206: grosseiro | C206: Bacia +6 cm (borda 0,495 m) | D206: 7.6-7.8 | E206: Não Conforme | F206: sim | G206: barra de fundo fica abaixo de 0,04 m da tampa
A207: S01 | B207: grosseiro | C207: Bacia +6 cm (borda 0,495 m) | D207: 7.8 | E207: Conforme | F207: não
A208: S02 | B208: limítrofe | C208: Bacia +2 cm (borda 0,455 m) | D208: 6.6 | E208: Conforme | F208: não
A209: S02 | B209: limítrofe | C209: Bacia +2 cm (borda 0,455 m) | D209: 6.11.1 | E209: Conforme | F209: não
A210: S02 | B210: limítrofe | C210: Bacia +2 cm (borda 0,455 m) | D210: 6.11.2 | E210: Conforme | F210: não
A211: S02 | B211: limítrofe | C211: Bacia +2 cm (borda 0,455 m) | D211: 6.11.3 | E211: Conforme | F211: não
A212: S02 | B212: limítrofe | C212: Bacia +2 cm (borda 0,455 m) | D212: 5.4.3 | E212: Conforme | F212: não
A213: S02 | B213: limítrofe | C213: Bacia +2 cm (borda 0,455 m) | D213: 6.3.4 | E213: Conforme | F213: não
A214: S02 | B214: limítrofe | C214: Bacia +2 cm (borda 0,455 m) | D214: 7.5 | E214: Conforme | F214: não
A215: S02 | B215: limítrofe | C215: Bacia +2 cm (borda 0,455 m) | D215: 7.7.2.1 | E215: Parcial | F215: sim | G215: folga barra de fundo × tampa cai para ~0,03 m
A216: S02 | B216: limítrofe | C216: Bacia +2 cm (borda 0,455 m) | D216: 7.7.1 | E216: Conforme | F216: não
A217: S02 | B217: limítrofe | C217: Bacia +2 cm (borda 0,455 m) | D217: 4.6.6 | E217: Conforme | F217: não
A218: S02 | B218: limítrofe | C218: Bacia +2 cm (borda 0,455 m) | D218: 7.6-7.8 | E218: Parcial | F218: sim | G218: folga barra de fundo × tampa cai para ~0,03 m
A219: S02 | B219: limítrofe | C219: Bacia +2 cm (borda 0,455 m) | D219: 7.8 | E219: Conforme | F219: não
A220: G01 | B220: grosseiro | C220: Barra lateral: eixo 0,75 → 0,85 m | D220: 6.6 | E220: Conforme | F220: não
A221: G01 | B221: grosseiro | C221: Barra lateral: eixo 0,75 → 0,85 m | D221: 6.11.1 | E221: Conforme | F221: não
A222: G01 | B222: grosseiro | C222: Barra lateral: eixo 0,75 → 0,85 m | D222: 6.11.2 | E222: Conforme | F222: não
A223: G01 | B223: grosseiro | C223: Barra lateral: eixo 0,75 → 0,85 m | D223: 6.11.3 | E223: Conforme | F223: não
A224: G01 | B224: grosseiro | C224: Barra lateral: eixo 0,75 → 0,85 m | D224: 5.4.3 | E224: Conforme | F224: não
A225: G01 | B225: grosseiro | C225: Barra lateral: eixo 0,75 → 0,85 m | D225: 6.3.4 | E225: Conforme | F225: não
A226: G01 | B226: grosseiro | C226: Barra lateral: eixo 0,75 → 0,85 m | D226: 7.5 | E226: Conforme | F226: não
A227: G01 | B227: grosseiro | C227: Barra lateral: eixo 0,75 → 0,85 m | D227: 7.7.2.1 | E227: Conforme | F227: não
A228: G01 | B228: grosseiro | C228: Barra lateral: eixo 0,75 → 0,85 m | D228: 7.7.1 | E228: Conforme | F228: não
A229: G01 | B229: grosseiro | C229: Barra lateral: eixo 0,75 → 0,85 m | D229: 4.6.6 | E229: Conforme | F229: não
A230: G01 | B230: grosseiro | C230: Barra lateral: eixo 0,75 → 0,85 m | D230: 7.6-7.8 | E230: Não Conforme | F230: sim | G230: a vertical também perde a referência (0,10 m acima da horizontal)
A231: G01 | B231: grosseiro | C231: Barra lateral: eixo 0,75 → 0,85 m | D231: 7.8 | E231: Conforme | F231: não
A232: G02 | B232: grosseiro | C232: Barra de fundo: eixo 0,89 → 0,95 m | D232: 6.6 | E232: Conforme | F232: não
A233: G02 | B233: grosseiro | C233: Barra de fundo: eixo 0,89 → 0,95 m | D233: 6.11.1 | E233: Conforme | F233: não
A234: G02 | B234: grosseiro | C234: Barra de fundo: eixo 0,89 → 0,95 m | D234: 6.11.2 | E234: Conforme | F234: não
A235: G02 | B235: grosseiro | C235: Barra de fundo: eixo 0,89 → 0,95 m | D235: 6.11.3 | E235: Conforme | F235: não
A236: G02 | B236: grosseiro | C236: Barra de fundo: eixo 0,89 → 0,95 m | D236: 5.4.3 | E236: Conforme | F236: não
A237: G02 | B237: grosseiro | C237: Barra de fundo: eixo 0,89 → 0,95 m | D237: 6.3.4 | E237: Conforme | F237: não
A238: G02 | B238: grosseiro | C238: Barra de fundo: eixo 0,89 → 0,95 m | D238: 7.5 | E238: Conforme | F238: não
A239: G02 | B239: grosseiro | C239: Barra de fundo: eixo 0,89 → 0,95 m | D239: 7.7.2.1 | E239: Conforme | F239: não
A240: G02 | B240: grosseiro | C240: Barra de fundo: eixo 0,89 → 0,95 m | D240: 7.7.1 | E240: Conforme | F240: não
A241: G02 | B241: grosseiro | C241: Barra de fundo: eixo 0,89 → 0,95 m | D241: 4.6.6 | E241: Conforme | F241: não
A242: G02 | B242: grosseiro | C242: Barra de fundo: eixo 0,89 → 0,95 m | D242: 7.6-7.8 | E242: Não Conforme | F242: sim
... A309: W01 | B309: grosseiro | C309: WC PNE com 1,40 m de largura (não cabe ⌀1,50 m) | D309: 6.3.4 | E309: Conforme | F309: não
A310: W01 | B310: grosseiro | C310: WC PNE com 1,40 m de largura (não cabe ⌀1,50 m) | D310: 7.5 | E310: Não Conforme | F310: sim | G310: 7.7.1 (transferência lateral) depende só do LLM
A311: W01 | B311: grosseiro | C311: WC PNE com 1,40 m de largura (não cabe ⌀1,50 m) | D311: 7.7.2.1 | E311: Conforme | F311: não
A312: W01 | B312: grosseiro | C312: WC PNE com 1,40 m de largura (não cabe ⌀1,50 m) | D312: 7.7.1 | E312: Conforme | F312: não
A313: W01 | B313: grosseiro | C313: WC PNE com 1,40 m de largura (não cabe ⌀1,50 m) | D313: 4.6.6 | E313: Conforme | F313: não
A314: W01 | B314: grosseiro | C314: WC PNE com 1,40 m de largura (não cabe ⌀1,50 m) | D314: 7.6-7.8 | E314: Conforme | F314: não
A315: W01 | B315: grosseiro | C315: WC PNE com 1,40 m de largura (não cabe ⌀1,50 m) | D315: 7.8 | E315: Conforme | F315: não
A316: A01 | B316: grosseiro | C316: ACESSO com 0,85 m de largura (mín. 0,90 m) | D316: 6.6 | E316: Conforme | F316: não
A317: A01 | B317: grosseiro | C317: ACESSO com 0,85 m de largura (mín. 0,90 m) | D317: 6.11.1 | E317: Não Conforme | F317: sim
A318: A01 | B318: grosseiro | C318: ACESSO com 0,85 m de largura (mín. 0,90 m) | D318: 6.11.2 | E318: Conforme | F318: não
A319: A01 | B319: grosseiro | C319: ACESSO com 0,85 m de largura (mín. 0,90 m) | D319: 6.11.3 | E319: Conforme | F319: não
A320: A01 | B320: grosseiro | C320: ACESSO com 0,85 m de largura (mín. 0,90 m) | D320: 5.4.3 | E320: Conforme | F320: não
A321: A01 | B321: grosseiro | C321: ACESSO com 0,85 m de largura (mín. 0,90 m) | D321: 6.3.4 | E321: Conforme | F321: não
A322: A01 | B322: grosseiro | C322: ACESSO com 0,85 m de largura (mín. 0,90 m) | D322: 7.5 | E322: Conforme | F322: não
... A363: X02 | B363: multi | C363: C01 + R01 + M01 | D363: 7.8 | E363: Conforme | F363: não

Sheet Errata
A1: Errata por regra (gerar_errata.py) — só afeta a acurácia de status exato
A3: variante | B3: item_nbr | C3: status_esperado_original | D3: status_esperado_agregado | E3: motivo
A4: P01 | B4: 6.11.2 | C4: Não Conforme | D4: Parcial | E4: 1 de 2 elemento(s) com 'Não Conforme', demais Conforme → regra de agregação do auditor dá 'Parcial'
A5: P02 | B5: 6.11.2 | C5: Não Conforme | D5: Parcial | E5: 1 de 2 elemento(s) com 'Não Conforme', demais Conforme → regra de agregação do auditor dá 'Parcial'
A6: P04 | B6: 6.11.2 | C6: Não Conforme | D6: Parcial | E6: 1 de 2 elemento(s) com 'Não Conforme', demais Conforme → regra de agregação do auditor dá 'Parcial'
A7: J01 | B7: 6.11.3 | C7: Não Conforme | D7: Parcial | E7: 1 de 2 elemento(s) com 'Não Conforme', demais Conforme → regra de agregação do auditor dá 'Parcial'
A8: D01 | B8: 6.3.4 | C8: Indeterminado | D8: Parcial | E8: 1 de 3 elemento(s) com 'Indeterminado', demais Conforme → regra de agregação do auditor dá 'Parcial'
A9: D02 | B9: 6.3.4 | C9: Não Conforme | D9: Parcial | E9: 1 de 3 elemento(s) com 'Não Conforme', demais Conforme → regra de agregação do auditor dá 'Parcial'
A10: S01 | B10: 7.6-7.8 | C10: Não Conforme | D10: Parcial | E10: 1 de 5 elemento(s) com 'Não Conforme', demais Conforme → regra de agregação do auditor dá 'Parcial'
A11: G01 | B11: 7.6-7.8 | C11: Não Conforme | D11: Parcial | E11: 2 de 5 elemento(s) com 'Não Conforme', demais Conforme → regra de agregação do auditor dá 'Parcial'
A12: G02 | B12: 7.6-7.8 | C12: Não Conforme | D12: Parcial | E12: 1 de 5 elemento(s) com 'Não Conforme', demais Conforme → regra de agregação do auditor dá 'Parcial'
A13: G03 | B13: 7.6-7.8 | C13: Não Conforme | D13: Parcial | E13: 1 de 5 elemento(s) com 'Não Conforme', demais Conforme → regra de agregação do auditor dá 'Parcial'
A14: G04 | B14: 7.6-7.8 | C14: Não Conforme | D14: Parcial | E14: 2 de 5 elemento(s) com 'Não Conforme', demais Conforme → regra de agregação do auditor dá 'Parcial'
... A17: X01 | B17: 7.6-7.8 | C17: Não Conforme | D17: Parcial | E17: 2 de 5 elemento(s) com 'Não Conforme', demais Conforme → regra de agregação do auditor dá 'Parcial'
